pair,name,operations,sample,wall_ns,allocated_words
1,incremental.raw.changed.depth_1,16777216,1,32.324252,0.000001
1,incremental.raw.changed.depth_1,16777216,2,31.689225,0.000001
1,incremental.raw.changed.depth_1,16777216,3,31.657052,0.000001
1,incremental.raw.changed.depth_1,16777216,4,31.627536,0.000001
1,incremental.raw.changed.depth_1,16777216,5,31.607627,0.000001
1,incremental.raw.changed.depth_1,16777216,6,31.033935,0.000001
1,incremental.raw.changed.depth_1,16777216,7,31.053659,0.000001
1,incremental.raw.changed.depth_1,16777216,8,31.126731,0.000001
1,incremental.raw.changed.depth_1,16777216,9,31.611023,0.000001
1,r1.changed.depth_1,16777216,1,36.229309,4.000001
1,r1.changed.depth_1,16777216,2,35.921033,4.000001
1,r1.changed.depth_1,16777216,3,34.114350,4.000001
1,r1.changed.depth_1,16777216,4,34.034599,4.000001
1,r1.changed.depth_1,16777216,5,34.120262,4.000001
1,r1.changed.depth_1,16777216,6,34.283460,4.000001
1,r1.changed.depth_1,16777216,7,33.747682,4.000001
1,r1.changed.depth_1,16777216,8,33.733187,4.000001
1,r1.changed.depth_1,16777216,9,33.777482,4.000001
1,incremental.raw.changed.depth_10,8388608,1,110.381961,0.000001
1,incremental.raw.changed.depth_10,8388608,2,110.564230,0.000001
1,incremental.raw.changed.depth_10,8388608,3,103.223584,0.000001
1,incremental.raw.changed.depth_10,8388608,4,96.188671,0.000001
1,incremental.raw.changed.depth_10,8388608,5,96.632618,0.000001
1,incremental.raw.changed.depth_10,8388608,6,97.109080,0.000001
1,incremental.raw.changed.depth_10,8388608,7,96.691963,0.000001
1,incremental.raw.changed.depth_10,8388608,8,96.253274,0.000001
1,incremental.raw.changed.depth_10,8388608,9,103.183140,0.000001
1,r1.changed.depth_10,4194304,1,125.274710,4.000002
1,r1.changed.depth_10,4194304,2,125.411020,4.000002
1,r1.changed.depth_10,4194304,3,129.644661,4.000002
1,r1.changed.depth_10,4194304,4,131.578417,4.000002
1,r1.changed.depth_10,4194304,5,130.699163,4.000002
1,r1.changed.depth_10,4194304,6,130.971898,4.000002
1,r1.changed.depth_10,4194304,7,131.264414,4.000002
1,r1.changed.depth_10,4194304,8,131.023171,4.000002
1,r1.changed.depth_10,4194304,9,130.916590,4.000002
1,incremental.raw.changed.depth_100,524288,1,1083.089956,0.000019
1,incremental.raw.changed.depth_100,524288,2,1082.486961,0.000019
1,incremental.raw.changed.depth_100,524288,3,1081.985374,0.000019
1,incremental.raw.changed.depth_100,524288,4,1083.045845,0.000019
1,incremental.raw.changed.depth_100,524288,5,1082.443305,0.000019
1,incremental.raw.changed.depth_100,524288,6,1081.747087,0.000019
1,incremental.raw.changed.depth_100,524288,7,1084.591077,0.000019
1,incremental.raw.changed.depth_100,524288,8,1082.861218,0.000019
1,incremental.raw.changed.depth_100,524288,9,1084.198175,0.000019
1,r1.changed.depth_100,524288,1,1160.383363,4.000019
1,r1.changed.depth_100,524288,2,1122.314188,4.000019
1,r1.changed.depth_100,524288,3,1098.926532,4.000019
1,r1.changed.depth_100,524288,4,1095.914740,4.000019
1,r1.changed.depth_100,524288,5,1097.017503,4.000019
1,r1.changed.depth_100,524288,6,1098.354460,4.000019
1,r1.changed.depth_100,524288,7,1097.415861,4.000019
1,r1.changed.depth_100,524288,8,1097.027052,4.000019
1,r1.changed.depth_100,524288,9,1096.189862,4.000019
1,incremental.raw.cutoff.depth_10,16777216,1,31.198866,0.000001
1,incremental.raw.cutoff.depth_10,16777216,2,31.198383,0.000001
1,incremental.raw.cutoff.depth_10,16777216,3,30.542850,0.000001
1,incremental.raw.cutoff.depth_10,16777216,4,29.875878,0.000001
1,incremental.raw.cutoff.depth_10,16777216,5,29.874869,0.000001
1,incremental.raw.cutoff.depth_10,16777216,6,29.909074,0.000001
1,incremental.raw.cutoff.depth_10,16777216,7,29.871103,0.000001
1,incremental.raw.cutoff.depth_10,16777216,8,29.864196,0.000001
1,incremental.raw.cutoff.depth_10,16777216,9,29.864310,0.000001
1,r1.cutoff.depth_10,16777216,1,30.159597,4.000001
1,r1.cutoff.depth_10,16777216,2,30.163704,4.000001
1,r1.cutoff.depth_10,16777216,3,30.158688,4.000001
1,r1.cutoff.depth_10,16777216,4,30.149877,4.000001
1,r1.cutoff.depth_10,16777216,5,30.453137,4.000001
1,r1.cutoff.depth_10,16777216,6,30.251030,4.000001
1,r1.cutoff.depth_10,16777216,7,30.149394,4.000001
1,r1.cutoff.depth_10,16777216,8,30.435331,4.000001
1,r1.cutoff.depth_10,16777216,9,30.239889,4.000001
1,r1.fan_in.diamond,8388608,1,88.173266,16.000001
1,r1.fan_in.diamond,8388608,2,88.645692,16.000001
1,r1.fan_in.diamond,8388608,3,90.123194,16.000001
1,r1.fan_in.diamond,8388608,4,90.772744,16.000001
1,r1.fan_in.diamond,8388608,5,94.481834,16.000001
1,r1.fan_in.diamond,8388608,6,94.279414,16.000001
1,r1.fan_in.diamond,8388608,7,93.549374,16.000001
1,r1.fan_in.diamond,8388608,8,92.670092,16.000001
1,r1.fan_in.diamond,8388608,9,88.598000,16.000001
1,incremental.raw.changed.depth_1,16777216,1,33.174445,0.000001
1,incremental.raw.changed.depth_1,16777216,2,33.217901,0.000001
1,incremental.raw.changed.depth_1,16777216,3,33.166174,0.000001
1,incremental.raw.changed.depth_1,16777216,4,33.200550,0.000001
1,incremental.raw.changed.depth_1,16777216,5,33.176718,0.000001
1,incremental.raw.changed.depth_1,16777216,6,33.181365,0.000001
1,incremental.raw.changed.depth_1,16777216,7,33.191441,0.000001
1,incremental.raw.changed.depth_1,16777216,8,33.204969,0.000001
1,incremental.raw.changed.depth_1,16777216,9,33.184762,0.000001
1,r2.changed.depth_1,16777216,1,33.980967,4.000001
1,r2.changed.depth_1,16777216,2,33.842568,4.000001
1,r2.changed.depth_1,16777216,3,33.917246,4.000001
1,r2.changed.depth_1,16777216,4,33.849233,4.000001
1,r2.changed.depth_1,16777216,5,33.882500,4.000001
1,r2.changed.depth_1,16777216,6,33.898473,4.000001
1,r2.changed.depth_1,16777216,7,33.851691,4.000001
1,r2.changed.depth_1,16777216,8,33.906943,4.000001
1,r2.changed.depth_1,16777216,9,33.977457,4.000001
1,incremental.raw.changed.depth_10,8388608,1,101.278999,0.000001
1,incremental.raw.changed.depth_10,8388608,2,98.556399,0.000001
1,incremental.raw.changed.depth_10,8388608,3,99.331857,0.000001
1,incremental.raw.changed.depth_10,8388608,4,98.578226,0.000001
1,incremental.raw.changed.depth_10,8388608,5,97.503772,0.000001
1,incremental.raw.changed.depth_10,8388608,6,99.989649,0.000001
1,incremental.raw.changed.depth_10,8388608,7,98.773114,0.000001
1,incremental.raw.changed.depth_10,8388608,8,97.307066,0.000001
1,incremental.raw.changed.depth_10,8388608,9,97.674473,0.000001
1,r2.changed.depth_10,4194304,1,137.676693,4.000002
1,r2.changed.depth_10,4194304,2,134.936101,4.000002
1,r2.changed.depth_10,4194304,3,123.403311,4.000002
1,r2.changed.depth_10,4194304,4,123.451969,4.000002
1,r2.changed.depth_10,4194304,5,126.769805,4.000002
1,r2.changed.depth_10,4194304,6,120.990990,4.000002
1,r2.changed.depth_10,4194304,7,121.618541,4.000002
1,r2.changed.depth_10,4194304,8,121.698861,4.000002
1,r2.changed.depth_10,4194304,9,127.608814,4.000002
1,incremental.raw.changed.depth_100,524288,1,1016.418537,0.000019
1,incremental.raw.changed.depth_100,524288,2,1001.764304,0.000019
1,incremental.raw.changed.depth_100,524288,3,991.775323,0.000019
1,incremental.raw.changed.depth_100,524288,4,990.987701,0.000019
1,incremental.raw.changed.depth_100,524288,5,991.228262,0.000019
1,incremental.raw.changed.depth_100,524288,6,991.172783,0.000019
1,incremental.raw.changed.depth_100,524288,7,991.184152,0.000019
1,incremental.raw.changed.depth_100,524288,8,991.271918,0.000019
1,incremental.raw.changed.depth_100,524288,9,991.260549,0.000019
1,r2.changed.depth_100,524288,1,1142.999736,4.000019
1,r2.changed.depth_100,524288,2,1141.864686,4.000019
1,r2.changed.depth_100,524288,3,1044.898909,4.000019
1,r2.changed.depth_100,524288,4,1030.983185,4.000019
1,r2.changed.depth_100,524288,5,1031.915417,4.000019
1,r2.changed.depth_100,524288,6,1032.650289,4.000019
1,r2.changed.depth_100,524288,7,1031.463398,4.000019
1,r2.changed.depth_100,524288,8,1032.419277,4.000019
1,r2.changed.depth_100,524288,9,1033.851731,4.000019
1,incremental.raw.cutoff.depth_10,16777216,1,31.469341,0.000001
1,incremental.raw.cutoff.depth_10,16777216,2,30.910385,0.000001
1,incremental.raw.cutoff.depth_10,16777216,3,29.873718,0.000001
1,incremental.raw.cutoff.depth_10,16777216,4,29.882841,0.000001
1,incremental.raw.cutoff.depth_10,16777216,5,29.488319,0.000001
1,incremental.raw.cutoff.depth_10,16777216,6,29.426218,0.000001
1,incremental.raw.cutoff.depth_10,16777216,7,29.413158,0.000001
1,incremental.raw.cutoff.depth_10,16777216,8,29.948353,0.000001
1,incremental.raw.cutoff.depth_10,16777216,9,29.893698,0.000001
1,r2.cutoff.depth_10,16777216,1,30.186001,4.000001
1,r2.cutoff.depth_10,16777216,2,30.168408,4.000001
1,r2.cutoff.depth_10,16777216,3,30.148868,4.000001
1,r2.cutoff.depth_10,16777216,4,30.145699,4.000001
1,r2.cutoff.depth_10,16777216,5,30.147731,4.000001
1,r2.cutoff.depth_10,16777216,6,30.135695,4.000001
1,r2.cutoff.depth_10,16777216,7,30.158105,4.000001
1,r2.cutoff.depth_10,16777216,8,30.156542,4.000001
1,r2.cutoff.depth_10,16777216,9,30.182122,4.000001
1,r2.fan_in.diamond,8388608,1,91.871726,16.000001
1,r2.fan_in.diamond,8388608,2,90.482132,16.000001
1,r2.fan_in.diamond,8388608,3,90.208403,16.000001
1,r2.fan_in.diamond,8388608,4,90.435151,16.000001
1,r2.fan_in.diamond,8388608,5,91.948493,16.000001
1,r2.fan_in.diamond,8388608,6,92.205767,16.000001
1,r2.fan_in.diamond,8388608,7,93.388820,16.000001
1,r2.fan_in.diamond,8388608,8,93.226532,16.000001
1,r2.fan_in.diamond,8388608,9,89.224812,16.000001
1,r1.failed_retry.depth_1,8388608,1,102.401032,8.000001
1,r1.failed_retry.depth_1,8388608,2,99.051846,8.000001
1,r1.failed_retry.depth_1,8388608,3,98.029489,8.000001
1,r1.failed_retry.depth_1,8388608,4,98.180152,8.000001
1,r1.failed_retry.depth_1,8388608,5,98.213064,8.000001
1,r1.failed_retry.depth_1,8388608,6,98.079681,8.000001
1,r1.failed_retry.depth_1,8388608,7,97.698205,8.000001
1,r1.failed_retry.depth_1,8388608,8,97.556352,8.000001
1,r1.failed_retry.depth_1,8388608,9,96.917148,8.000001
1,r1.failed_retry.depth_10,2097152,1,312.623001,8.000005
1,r1.failed_retry.depth_10,2097152,2,313.573764,8.000005
1,r1.failed_retry.depth_10,2097152,3,306.148081,8.000005
1,r1.failed_retry.depth_10,2097152,4,304.145260,8.000005
1,r1.failed_retry.depth_10,2097152,5,303.861611,8.000005
1,r1.failed_retry.depth_10,2097152,6,302.842636,8.000005
1,r1.failed_retry.depth_10,2097152,7,302.766352,8.000005
1,r1.failed_retry.depth_10,2097152,8,302.068202,8.000005
1,r1.failed_retry.depth_10,2097152,9,305.011326,8.000005
1,r1.failed_retry.depth_100,262144,1,2340.904757,8.000038
1,r1.failed_retry.depth_100,262144,2,2336.826583,8.000038
1,r1.failed_retry.depth_100,262144,3,2334.030796,8.000038
1,r1.failed_retry.depth_100,262144,4,2333.915290,8.000038
1,r1.failed_retry.depth_100,262144,5,2330.715688,8.000038
1,r1.failed_retry.depth_100,262144,6,2330.672942,8.000038
1,r1.failed_retry.depth_100,262144,7,2332.435542,8.000038
1,r1.failed_retry.depth_100,262144,8,2330.523785,8.000038
1,r1.failed_retry.depth_100,262144,9,2327.849870,8.000038
1,r2.failed_retry.depth_1,8388608,1,103.469603,8.000001
1,r2.failed_retry.depth_1,8388608,2,102.676751,8.000001
1,r2.failed_retry.depth_1,8388608,3,101.095566,8.000001
1,r2.failed_retry.depth_1,8388608,4,103.302938,8.000001
1,r2.failed_retry.depth_1,8388608,5,104.526777,8.000001
1,r2.failed_retry.depth_1,8388608,6,103.390448,8.000001
1,r2.failed_retry.depth_1,8388608,7,103.356143,8.000001
1,r2.failed_retry.depth_1,8388608,8,103.292109,8.000001
1,r2.failed_retry.depth_1,8388608,9,103.329882,8.000001
1,r2.failed_retry.depth_10,2097152,1,276.967967,8.000005
1,r2.failed_retry.depth_10,2097152,2,276.360083,8.000005
1,r2.failed_retry.depth_10,2097152,3,276.290848,8.000005
1,r2.failed_retry.depth_10,2097152,4,276.530272,8.000005
1,r2.failed_retry.depth_10,2097152,5,276.354854,8.000005
1,r2.failed_retry.depth_10,2097152,6,276.264700,8.000005
1,r2.failed_retry.depth_10,2097152,7,272.878651,8.000005
1,r2.failed_retry.depth_10,2097152,8,268.859367,8.000005
1,r2.failed_retry.depth_10,2097152,9,268.288659,8.000005
1,r2.failed_retry.depth_100,262144,1,2000.945642,8.000038
1,r2.failed_retry.depth_100,262144,2,2004.631824,8.000038
1,r2.failed_retry.depth_100,262144,3,2084.911102,8.000038
1,r2.failed_retry.depth_100,262144,4,2080.875674,8.000038
1,r2.failed_retry.depth_100,262144,5,2078.330908,8.000038
1,r2.failed_retry.depth_100,262144,6,2082.027095,8.000038
1,r2.failed_retry.depth_100,262144,7,2082.569154,8.000038
1,r2.failed_retry.depth_100,262144,8,2082.550054,8.000038
1,r2.failed_retry.depth_100,262144,9,2083.862455,8.000038
1,incremental.raw.changed.depth_1,16777216,1,33.804582,0.000001
1,incremental.raw.changed.depth_1,16777216,2,33.846490,0.000001
1,incremental.raw.changed.depth_1,16777216,3,33.822829,0.000001
1,incremental.raw.changed.depth_1,16777216,4,31.637910,0.000001
1,incremental.raw.changed.depth_1,16777216,5,31.437935,0.000001
1,incremental.raw.changed.depth_1,16777216,6,31.464751,0.000001
1,incremental.raw.changed.depth_1,16777216,7,31.442397,0.000001
1,incremental.raw.changed.depth_1,16777216,8,31.433885,0.000001
1,incremental.raw.changed.depth_1,16777216,9,31.386492,0.000001
1,r1b.changed.depth_1,16777216,1,31.274610,4.000001
1,r1b.changed.depth_1,16777216,2,31.104634,4.000001
1,r1b.changed.depth_1,16777216,3,31.016356,4.000001
1,r1b.changed.depth_1,16777216,4,30.974022,4.000001
1,r1b.changed.depth_1,16777216,5,31.016171,4.000001
1,r1b.changed.depth_1,16777216,6,30.990776,4.000001
1,r1b.changed.depth_1,16777216,7,30.989227,4.000001
1,r1b.changed.depth_1,16777216,8,30.994244,4.000001
1,r1b.changed.depth_1,16777216,9,31.008838,4.000001
1,incremental.raw.changed.depth_10,8388608,1,113.147735,0.000001
1,incremental.raw.changed.depth_10,8388608,2,112.554289,0.000001
1,incremental.raw.changed.depth_10,8388608,3,112.122194,0.000001
1,incremental.raw.changed.depth_10,8388608,4,111.904995,0.000001
1,incremental.raw.changed.depth_10,8388608,5,111.871714,0.000001
1,incremental.raw.changed.depth_10,8388608,6,111.944559,0.000001
1,incremental.raw.changed.depth_10,8388608,7,111.870634,0.000001
1,incremental.raw.changed.depth_10,8388608,8,111.939073,0.000001
1,incremental.raw.changed.depth_10,8388608,9,111.921651,0.000001
1,r1b.changed.depth_10,8388608,1,101.740710,4.000001
1,r1b.changed.depth_10,8388608,2,102.264750,4.000001
1,r1b.changed.depth_10,8388608,3,102.285043,4.000001
1,r1b.changed.depth_10,8388608,4,102.179541,4.000001
1,r1b.changed.depth_10,8388608,5,102.283593,4.000001
1,r1b.changed.depth_10,8388608,6,102.238999,4.000001
1,r1b.changed.depth_10,8388608,7,102.263556,4.000001
1,r1b.changed.depth_10,8388608,8,102.231155,4.000001
1,r1b.changed.depth_10,8388608,9,102.198840,4.000001
1,incremental.raw.changed.depth_100,524288,1,1018.692274,0.000019
1,incremental.raw.changed.depth_100,524288,2,989.843556,0.000019
1,incremental.raw.changed.depth_100,524288,3,990.091394,0.000019
1,incremental.raw.changed.depth_100,524288,4,990.383342,0.000019
1,incremental.raw.changed.depth_100,524288,5,990.960871,0.000019
1,incremental.raw.changed.depth_100,524288,6,990.455646,0.000019
1,incremental.raw.changed.depth_100,524288,7,990.160061,0.000019
1,incremental.raw.changed.depth_100,524288,8,989.948148,0.000019
1,incremental.raw.changed.depth_100,524288,9,991.006800,0.000019
1,r1b.changed.depth_100,524288,1,972.398993,4.000019
1,r1b.changed.depth_100,524288,2,969.159828,4.000019
1,r1b.changed.depth_100,524288,3,970.311703,4.000019
1,r1b.changed.depth_100,524288,4,970.083420,4.000019
1,r1b.changed.depth_100,524288,5,970.447218,4.000019
1,r1b.changed.depth_100,524288,6,969.188477,4.000019
1,r1b.changed.depth_100,524288,7,969.108441,4.000019
1,r1b.changed.depth_100,524288,8,969.121629,4.000019
1,r1b.changed.depth_100,524288,9,970.147994,4.000019
1,incremental.raw.cutoff.depth_10,16777216,1,32.516056,0.000001
1,incremental.raw.cutoff.depth_10,16777216,2,32.500381,0.000001
1,incremental.raw.cutoff.depth_10,16777216,3,32.493233,0.000001
1,incremental.raw.cutoff.depth_10,16777216,4,32.499429,0.000001
1,incremental.raw.cutoff.depth_10,16777216,5,32.536335,0.000001
1,incremental.raw.cutoff.depth_10,16777216,6,32.580502,0.000001
1,incremental.raw.cutoff.depth_10,16777216,7,32.506890,0.000001
1,incremental.raw.cutoff.depth_10,16777216,8,32.521072,0.000001
1,incremental.raw.cutoff.depth_10,16777216,9,32.513512,0.000001
1,r1b.cutoff.depth_10,16777216,1,27.926205,4.000001
1,r1b.cutoff.depth_10,16777216,2,27.971808,4.000001
1,r1b.cutoff.depth_10,16777216,3,27.935570,4.000001
1,r1b.cutoff.depth_10,16777216,4,28.038087,4.000001
1,r1b.cutoff.depth_10,16777216,5,28.079640,4.000001
1,r1b.cutoff.depth_10,16777216,6,28.078546,4.000001
1,r1b.cutoff.depth_10,16777216,7,28.080819,4.000001
1,r1b.cutoff.depth_10,16777216,8,28.089403,4.000001
1,r1b.cutoff.depth_10,16777216,9,28.107763,4.000001
1,r1b.fan_in.diamond,8388608,1,79.333546,16.000001
1,r1b.fan_in.diamond,8388608,2,80.284366,16.000001
1,r1b.fan_in.diamond,8388608,3,81.034557,16.000001
1,r1b.fan_in.diamond,8388608,4,80.912599,16.000001
1,r1b.fan_in.diamond,8388608,5,84.961670,16.000001
1,r1b.fan_in.diamond,8388608,6,84.842810,16.000001
1,r1b.fan_in.diamond,8388608,7,84.857703,16.000001
1,r1b.fan_in.diamond,8388608,8,84.414125,16.000001
1,r1b.fan_in.diamond,8388608,9,81.089979,16.000001
1,r1b.failed_retry.depth_1,8388608,1,91.145154,8.000001
1,r1b.failed_retry.depth_1,8388608,2,91.422208,8.000001
1,r1b.failed_retry.depth_1,8388608,3,90.180521,8.000001
1,r1b.failed_retry.depth_1,8388608,4,89.753030,8.000001
1,r1b.failed_retry.depth_1,8388608,5,89.635023,8.000001
1,r1b.failed_retry.depth_1,8388608,6,89.629310,8.000001
1,r1b.failed_retry.depth_1,8388608,7,89.651337,8.000001
1,r1b.failed_retry.depth_1,8388608,8,89.545267,8.000001
1,r1b.failed_retry.depth_1,8388608,9,89.869502,8.000001
1,r1b.failed_retry.depth_10,2097152,1,274.007789,8.000005
1,r1b.failed_retry.depth_10,2097152,2,273.913429,8.000005
1,r1b.failed_retry.depth_10,2097152,3,274.922854,8.000005
1,r1b.failed_retry.depth_10,2097152,4,274.126023,8.000005
1,r1b.failed_retry.depth_10,2097152,5,275.286652,8.000005
1,r1b.failed_retry.depth_10,2097152,6,263.793481,8.000005
1,r1b.failed_retry.depth_10,2097152,7,263.954689,8.000005
1,r1b.failed_retry.depth_10,2097152,8,264.375217,8.000005
1,r1b.failed_retry.depth_10,2097152,9,264.910682,8.000005
1,r1b.failed_retry.depth_100,262144,1,2035.587386,8.000038
1,r1b.failed_retry.depth_100,262144,2,2034.866156,8.000038
1,r1b.failed_retry.depth_100,262144,3,2039.118954,8.000038
1,r1b.failed_retry.depth_100,262144,4,2036.221304,8.000038
1,r1b.failed_retry.depth_100,262144,5,2037.551894,8.000038
1,r1b.failed_retry.depth_100,262144,6,2036.224032,8.000038
1,r1b.failed_retry.depth_100,262144,7,2035.278158,8.000038
1,r1b.failed_retry.depth_100,262144,8,2034.148565,8.000038
1,r1b.failed_retry.depth_100,262144,9,2035.141733,8.000038
1,incremental.raw.changed.depth_1,16777216,1,33.110737,0.000001
1,incremental.raw.changed.depth_1,16777216,2,33.133631,0.000001
1,incremental.raw.changed.depth_1,16777216,3,33.138463,0.000001
1,incremental.raw.changed.depth_1,16777216,4,33.108108,0.000001
1,incremental.raw.changed.depth_1,16777216,5,33.081164,0.000001
1,incremental.raw.changed.depth_1,16777216,6,33.109714,0.000001
1,incremental.raw.changed.depth_1,16777216,7,33.101500,0.000001
1,incremental.raw.changed.depth_1,16777216,8,33.092448,0.000001
1,incremental.raw.changed.depth_1,16777216,9,33.097635,0.000001
1,r1m.changed.depth_1,16777216,1,30.396222,4.000001
1,r1m.changed.depth_1,16777216,2,30.381855,4.000001
1,r1m.changed.depth_1,16777216,3,30.307646,4.000001
1,r1m.changed.depth_1,16777216,4,30.311639,4.000001
1,r1m.changed.depth_1,16777216,5,30.321416,4.000001
1,r1m.changed.depth_1,16777216,6,30.300328,4.000001
1,r1m.changed.depth_1,16777216,7,30.301209,4.000001
1,r1m.changed.depth_1,16777216,8,30.334945,4.000001
1,r1m.changed.depth_1,16777216,9,30.357953,4.000001
1,incremental.raw.changed.depth_10,8388608,1,108.453520,0.000001
1,incremental.raw.changed.depth_10,8388608,2,108.472960,0.000001
1,incremental.raw.changed.depth_10,8388608,3,111.808049,0.000001
1,incremental.raw.changed.depth_10,8388608,4,112.993234,0.000001
1,incremental.raw.changed.depth_10,8388608,5,113.434794,0.000001
1,incremental.raw.changed.depth_10,8388608,6,113.296750,0.000001
1,incremental.raw.changed.depth_10,8388608,7,112.957480,0.000001
1,incremental.raw.changed.depth_10,8388608,8,112.641715,0.000001
1,incremental.raw.changed.depth_10,8388608,9,112.493979,0.000001
1,r1m.changed.depth_10,8388608,1,106.408379,4.000001
1,r1m.changed.depth_10,8388608,2,99.366531,4.000001
1,r1m.changed.depth_10,8388608,3,104.939687,4.000001
1,r1m.changed.depth_10,8388608,4,101.773992,4.000001
1,r1m.changed.depth_10,8388608,5,106.568791,4.000001
1,r1m.changed.depth_10,8388608,6,101.862526,4.000001
1,r1m.changed.depth_10,8388608,7,100.689419,4.000001
1,r1m.changed.depth_10,8388608,8,100.679642,4.000001
1,r1m.changed.depth_10,8388608,9,100.611317,4.000001
1,incremental.raw.changed.depth_100,524288,1,1070.981853,0.000019
1,incremental.raw.changed.depth_100,524288,2,1069.662176,0.000019
1,incremental.raw.changed.depth_100,524288,3,1069.322479,0.000019
1,incremental.raw.changed.depth_100,524288,4,1070.587132,0.000019
1,incremental.raw.changed.depth_100,524288,5,1070.564394,0.000019
1,incremental.raw.changed.depth_100,524288,6,1070.995040,0.000019
1,incremental.raw.changed.depth_100,524288,7,1069.980499,0.000019
1,incremental.raw.changed.depth_100,524288,8,1070.457074,0.000019
1,incremental.raw.changed.depth_100,524288,9,1070.569851,0.000019
1,r1m.changed.depth_100,524288,1,1006.031198,4.000019
1,r1m.changed.depth_100,524288,2,1009.670086,4.000019
1,r1m.changed.depth_100,524288,3,1004.888418,4.000019
1,r1m.changed.depth_100,524288,4,1006.780622,4.000019
1,r1m.changed.depth_100,524288,5,1003.028956,4.000019
1,r1m.changed.depth_100,524288,6,998.861196,4.000019
1,r1m.changed.depth_100,524288,7,1004.310889,4.000019
1,r1m.changed.depth_100,524288,8,1006.065759,4.000019
1,r1m.changed.depth_100,524288,9,1006.584171,4.000019
1,incremental.raw.cutoff.depth_10,16777216,1,31.540154,0.000001
1,incremental.raw.cutoff.depth_10,16777216,2,31.746680,0.000001
1,incremental.raw.cutoff.depth_10,16777216,3,31.742871,0.000001
1,incremental.raw.cutoff.depth_10,16777216,4,31.761886,0.000001
1,incremental.raw.cutoff.depth_10,16777216,5,31.755022,0.000001
1,incremental.raw.cutoff.depth_10,16777216,6,31.736789,0.000001
1,incremental.raw.cutoff.depth_10,16777216,7,31.742331,0.000001
1,incremental.raw.cutoff.depth_10,16777216,8,31.772501,0.000001
1,incremental.raw.cutoff.depth_10,16777216,9,31.766831,0.000001
1,r1m.cutoff.depth_10,16777216,1,27.656739,4.000001
1,r1m.cutoff.depth_10,16777216,2,27.660903,4.000001
1,r1m.cutoff.depth_10,16777216,3,27.657748,4.000001
1,r1m.cutoff.depth_10,16777216,4,27.683200,4.000001
1,r1m.cutoff.depth_10,16777216,5,27.664242,4.000001
1,r1m.cutoff.depth_10,16777216,6,27.678965,4.000001
1,r1m.cutoff.depth_10,16777216,7,27.677416,4.000001
1,r1m.cutoff.depth_10,16777216,8,27.668946,4.000001
1,r1m.cutoff.depth_10,16777216,9,27.674261,4.000001
1,r1m.fan_in.diamond,8388608,1,79.191807,16.000001
1,r1m.fan_in.diamond,8388608,2,80.720667,16.000001
1,r1m.fan_in.diamond,8388608,3,81.073523,16.000001
1,r1m.fan_in.diamond,8388608,4,88.246821,16.000001
1,r1m.fan_in.diamond,8388608,5,88.783253,16.000001
1,r1m.fan_in.diamond,8388608,6,89.375732,16.000001
1,r1m.fan_in.diamond,8388608,7,81.066247,16.000001
1,r1m.fan_in.diamond,8388608,8,81.192496,16.000001
1,r1m.fan_in.diamond,8388608,9,78.823092,16.000001
1,r1m.failed_retry.depth_1,8388608,1,87.545288,8.000001
1,r1m.failed_retry.depth_1,8388608,2,87.482817,8.000001
1,r1m.failed_retry.depth_1,8388608,3,87.656503,8.000001
1,r1m.failed_retry.depth_1,8388608,4,87.646129,8.000001
1,r1m.failed_retry.depth_1,8388608,5,87.497966,8.000001
1,r1m.failed_retry.depth_1,8388608,6,87.307342,8.000001
1,r1m.failed_retry.depth_1,8388608,7,87.159151,8.000001
1,r1m.failed_retry.depth_1,8388608,8,87.129479,8.000001
1,r1m.failed_retry.depth_1,8388608,9,86.999535,8.000001
1,r1m.failed_retry.depth_10,2097152,1,278.044695,8.000005
1,r1m.failed_retry.depth_10,2097152,2,260.119918,8.000005
1,r1m.failed_retry.depth_10,2097152,3,250.262815,8.000005
1,r1m.failed_retry.depth_10,2097152,4,250.676635,8.000005
1,r1m.failed_retry.depth_10,2097152,5,250.307039,8.000005
1,r1m.failed_retry.depth_10,2097152,6,250.499284,8.000005
1,r1m.failed_retry.depth_10,2097152,7,252.044174,8.000005
1,r1m.failed_retry.depth_10,2097152,8,251.915480,8.000005
1,r1m.failed_retry.depth_10,2097152,9,253.837584,8.000005
1,r1m.failed_retry.depth_100,262144,1,1979.389708,8.000038
1,r1m.failed_retry.depth_100,262144,2,1988.166332,8.000038
1,r1m.failed_retry.depth_100,262144,3,1990.478268,8.000038
1,r1m.failed_retry.depth_100,262144,4,1988.597433,8.000038
1,r1m.failed_retry.depth_100,262144,5,1985.538802,8.000038
1,r1m.failed_retry.depth_100,262144,6,1981.907189,8.000038
1,r1m.failed_retry.depth_100,262144,7,1998.158041,8.000038
1,r1m.failed_retry.depth_100,262144,8,1998.718290,8.000038
1,r1m.failed_retry.depth_100,262144,9,1986.782081,8.000038
1,incremental.raw.changed.depth_1,16777216,1,32.859930,0.000001
1,incremental.raw.changed.depth_1,16777216,2,31.829600,0.000001
1,incremental.raw.changed.depth_1,16777216,3,31.630705,0.000001
1,incremental.raw.changed.depth_1,16777216,4,31.763918,0.000001
1,incremental.raw.changed.depth_1,16777216,5,31.602923,0.000001
1,incremental.raw.changed.depth_1,16777216,6,31.587064,0.000001
1,incremental.raw.changed.depth_1,16777216,7,31.728561,0.000001
1,incremental.raw.changed.depth_1,16777216,8,32.124518,0.000001
1,incremental.raw.changed.depth_1,16777216,9,31.751270,0.000001
1,r2m.changed.depth_1,16777216,1,30.634823,4.000001
1,r2m.changed.depth_1,16777216,2,30.654661,4.000001
1,r2m.changed.depth_1,16777216,3,30.637551,4.000001
1,r2m.changed.depth_1,16777216,4,30.720116,4.000001
1,r2m.changed.depth_1,16777216,5,30.756226,4.000001
1,r2m.changed.depth_1,16777216,6,30.756354,4.000001
1,r2m.changed.depth_1,16777216,7,30.701585,4.000001
1,r2m.changed.depth_1,16777216,8,30.683807,4.000001
1,r2m.changed.depth_1,16777216,9,30.679715,4.000001
1,incremental.raw.changed.depth_10,8388608,1,98.894247,0.000001
1,incremental.raw.changed.depth_10,8388608,2,102.907421,0.000001
1,incremental.raw.changed.depth_10,8388608,3,95.781587,0.000001
1,incremental.raw.changed.depth_10,8388608,4,96.234913,0.000001
1,incremental.raw.changed.depth_10,8388608,5,96.565486,0.000001
1,incremental.raw.changed.depth_10,8388608,6,99.409334,0.000001
1,incremental.raw.changed.depth_10,8388608,7,102.670896,0.000001
1,incremental.raw.changed.depth_10,8388608,8,103.292592,0.000001
1,incremental.raw.changed.depth_10,8388608,9,103.298305,0.000001
1,r2m.changed.depth_10,8388608,1,111.336249,4.000001
1,r2m.changed.depth_10,8388608,2,105.318662,4.000001
1,r2m.changed.depth_10,8388608,3,108.699794,4.000001
1,r2m.changed.depth_10,8388608,4,108.382608,4.000001
1,r2m.changed.depth_10,8388608,5,110.449804,4.000001
1,r2m.changed.depth_10,8388608,6,102.888720,4.000001
1,r2m.changed.depth_10,8388608,7,110.625137,4.000001
1,r2m.changed.depth_10,8388608,8,109.635806,4.000001
1,r2m.changed.depth_10,8388608,9,110.866324,4.000001
1,incremental.raw.changed.depth_100,524288,1,1015.047019,0.000019
1,incremental.raw.changed.depth_100,524288,2,1014.718691,0.000019
1,incremental.raw.changed.depth_100,524288,3,1013.364908,0.000019
1,incremental.raw.changed.depth_100,524288,4,1013.187557,0.000019
1,incremental.raw.changed.depth_100,524288,5,1012.443590,0.000019
1,incremental.raw.changed.depth_100,524288,6,1013.471774,0.000019
1,incremental.raw.changed.depth_100,524288,7,1012.607754,0.000019
1,incremental.raw.changed.depth_100,524288,8,1012.886059,0.000019
1,incremental.raw.changed.depth_100,524288,9,1011.942004,0.000019
1,r2m.changed.depth_100,524288,1,993.250069,4.000019
1,r2m.changed.depth_100,524288,2,995.390110,4.000019
1,r2m.changed.depth_100,524288,3,994.016318,4.000019
1,r2m.changed.depth_100,524288,4,994.701622,4.000019
1,r2m.changed.depth_100,524288,5,995.260052,4.000019
1,r2m.changed.depth_100,524288,6,994.432412,4.000019
1,r2m.changed.depth_100,524288,7,994.533821,4.000019
1,r2m.changed.depth_100,524288,8,994.674792,4.000019
1,r2m.changed.depth_100,524288,9,993.785761,4.000019
1,incremental.raw.cutoff.depth_10,16777216,1,32.679509,0.000001
1,incremental.raw.cutoff.depth_10,16777216,2,31.306982,0.000001
1,incremental.raw.cutoff.depth_10,16777216,3,29.864012,0.000001
1,incremental.raw.cutoff.depth_10,16777216,4,29.797675,0.000001
1,incremental.raw.cutoff.depth_10,16777216,5,30.797196,0.000001
1,incremental.raw.cutoff.depth_10,16777216,6,29.800475,0.000001
1,incremental.raw.cutoff.depth_10,16777216,7,29.816746,0.000001
1,incremental.raw.cutoff.depth_10,16777216,8,29.813577,0.000001
1,incremental.raw.cutoff.depth_10,16777216,9,29.791465,0.000001
1,r2m.cutoff.depth_10,16777216,1,29.246266,4.000001
1,r2m.cutoff.depth_10,16777216,2,29.273622,4.000001
1,r2m.cutoff.depth_10,16777216,3,29.476638,4.000001
1,r2m.cutoff.depth_10,16777216,4,29.410245,4.000001
1,r2m.cutoff.depth_10,16777216,5,29.256697,4.000001
1,r2m.cutoff.depth_10,16777216,6,29.276123,4.000001
1,r2m.cutoff.depth_10,16777216,7,29.257535,4.000001
1,r2m.cutoff.depth_10,16777216,8,29.249790,4.000001
1,r2m.cutoff.depth_10,16777216,9,29.371620,4.000001
1,r2m.fan_in.diamond,8388608,1,79.091308,16.000001
1,r2m.fan_in.diamond,8388608,2,78.683968,16.000001
1,r2m.fan_in.diamond,8388608,3,79.645133,16.000001
1,r2m.fan_in.diamond,8388608,4,82.614406,16.000001
1,r2m.fan_in.diamond,8388608,5,88.561762,16.000001
1,r2m.fan_in.diamond,8388608,6,87.183224,16.000001
1,r2m.fan_in.diamond,8388608,7,86.472170,16.000001
1,r2m.fan_in.diamond,8388608,8,86.797940,16.000001
1,r2m.fan_in.diamond,8388608,9,82.227587,16.000001
1,r2m.failed_retry.depth_1,8388608,1,85.617643,8.000001
1,r2m.failed_retry.depth_1,8388608,2,81.921570,8.000001
1,r2m.failed_retry.depth_1,8388608,3,82.023973,8.000001
1,r2m.failed_retry.depth_1,8388608,4,83.830486,8.000001
1,r2m.failed_retry.depth_1,8388608,5,83.927262,8.000001
1,r2m.failed_retry.depth_1,8388608,6,84.100947,8.000001
1,r2m.failed_retry.depth_1,8388608,7,82.917438,8.000001
1,r2m.failed_retry.depth_1,8388608,8,83.312273,8.000001
1,r2m.failed_retry.depth_1,8388608,9,82.476504,8.000001
1,r2m.failed_retry.depth_10,2097152,1,245.224442,8.000005
1,r2m.failed_retry.depth_10,2097152,2,251.769052,8.000005
1,r2m.failed_retry.depth_10,2097152,3,252.906830,8.000005
1,r2m.failed_retry.depth_10,2097152,4,252.954464,8.000005
1,r2m.failed_retry.depth_10,2097152,5,251.296001,8.000005
1,r2m.failed_retry.depth_10,2097152,6,238.467123,8.000005
1,r2m.failed_retry.depth_10,2097152,7,240.049758,8.000005
1,r2m.failed_retry.depth_10,2097152,8,243.665681,8.000005
1,r2m.failed_retry.depth_10,2097152,9,252.738005,8.000005
1,r2m.failed_retry.depth_100,262144,1,1829.044777,8.000038
1,r2m.failed_retry.depth_100,262144,2,1863.697435,8.000038
1,r2m.failed_retry.depth_100,262144,3,1848.422471,8.000038
1,r2m.failed_retry.depth_100,262144,4,1857.139978,8.000038
1,r2m.failed_retry.depth_100,262144,5,1937.199158,8.000038
1,r2m.failed_retry.depth_100,262144,6,1823.539606,8.000038
1,r2m.failed_retry.depth_100,262144,7,1849.251021,8.000038
1,r2m.failed_retry.depth_100,262144,8,1833.057468,8.000038
1,r2m.failed_retry.depth_100,262144,9,1853.690264,8.000038
1,incremental.raw.changed.depth_10,8388608,1,99.256766,0.000001
1,incremental.raw.changed.depth_10,8388608,2,98.149201,0.000001
1,incremental.raw.changed.depth_10,8388608,3,97.530489,0.000001
1,incremental.raw.changed.depth_10,8388608,4,98.325842,0.000001
1,incremental.raw.changed.depth_10,8388608,5,99.228629,0.000001
1,incremental.raw.changed.depth_10,8388608,6,102.597596,0.000001
1,incremental.raw.changed.depth_10,8388608,7,102.044595,0.000001
1,incremental.raw.changed.depth_10,8388608,8,95.819104,0.000001
1,incremental.raw.changed.depth_10,8388608,9,97.125053,0.000001
1,r1w.changed.depth_10,4194304,1,116.919750,4.000002
1,r1w.changed.depth_10,4194304,2,114.073259,4.000002
1,r1w.changed.depth_10,4194304,3,107.023482,4.000002
1,r1w.changed.depth_10,4194304,4,108.053939,4.000002
1,r1w.changed.depth_10,4194304,5,109.004475,4.000002
1,r1w.changed.depth_10,4194304,6,109.577400,4.000002
1,r1w.changed.depth_10,4194304,7,109.931932,4.000002
1,r1w.changed.depth_10,4194304,8,110.149870,4.000002
1,r1w.changed.depth_10,4194304,9,107.929225,4.000002
1,incremental.raw.changed.depth_10,8388608,1,107.075351,0.000001
1,incremental.raw.changed.depth_10,8388608,2,98.518484,0.000001
1,incremental.raw.changed.depth_10,8388608,3,98.595393,0.000001
1,incremental.raw.changed.depth_10,8388608,4,96.927891,0.000001
1,incremental.raw.changed.depth_10,8388608,5,97.148529,0.000001
1,incremental.raw.changed.depth_10,8388608,6,96.985588,0.000001
1,incremental.raw.changed.depth_10,8388608,7,96.741445,0.000001
1,incremental.raw.changed.depth_10,8388608,8,98.161820,0.000001
1,incremental.raw.changed.depth_10,8388608,9,96.738802,0.000001
1,r1a.changed.depth_10,8388608,1,102.882979,4.000001
1,r1a.changed.depth_10,8388608,2,99.916832,4.000001
1,r1a.changed.depth_10,8388608,3,100.278498,4.000001
1,r1a.changed.depth_10,8388608,4,103.401533,4.000001
1,r1a.changed.depth_10,8388608,5,104.618778,4.000001
1,r1a.changed.depth_10,8388608,6,104.897737,4.000001
1,r1a.changed.depth_10,8388608,7,99.220756,4.000001
1,r1a.changed.depth_10,8388608,8,97.962499,4.000001
1,r1a.changed.depth_10,8388608,9,97.329860,4.000001
1,incremental.raw.changed.depth_100,524288,1,1016.523584,0.000019
1,incremental.raw.changed.depth_100,524288,2,1015.894213,0.000019
1,incremental.raw.changed.depth_100,524288,3,1016.816896,0.000019
1,incremental.raw.changed.depth_100,524288,4,1016.166607,0.000019
1,incremental.raw.changed.depth_100,524288,5,1014.036116,0.000019
1,incremental.raw.changed.depth_100,524288,6,990.583430,0.000019
1,incremental.raw.changed.depth_100,524288,7,991.565685,0.000019
1,incremental.raw.changed.depth_100,524288,8,992.891728,0.000019
1,incremental.raw.changed.depth_100,524288,9,991.494744,0.000019
1,r1a.changed.depth_100,1048576,1,908.904894,4.000010
1,r1a.changed.depth_100,1048576,2,888.719569,4.000010
1,r1a.changed.depth_100,1048576,3,895.765425,4.000010
1,r1a.changed.depth_100,1048576,4,885.745067,4.000010
1,r1a.changed.depth_100,1048576,5,886.350563,4.000010
1,r1a.changed.depth_100,1048576,6,889.832563,4.000010
1,r1a.changed.depth_100,1048576,7,889.341436,4.000010
1,r1a.changed.depth_100,1048576,8,890.522870,4.000010
1,r1a.changed.depth_100,1048576,9,885.523832,4.000010
1,incremental.raw.changed.depth_1,16777216,1,31.775770,0.000001
1,incremental.raw.changed.depth_1,16777216,2,31.631174,0.000001
1,incremental.raw.changed.depth_1,16777216,3,31.543252,0.000001
1,incremental.raw.changed.depth_1,16777216,4,31.473277,0.000001
1,incremental.raw.changed.depth_1,16777216,5,31.501713,0.000001
1,incremental.raw.changed.depth_1,16777216,6,31.493357,0.000001
1,incremental.raw.changed.depth_1,16777216,7,31.458498,0.000001
1,incremental.raw.changed.depth_1,16777216,8,31.533062,0.000001
1,incremental.raw.changed.depth_1,16777216,9,31.485442,0.000001
1,r1n.changed.depth_1,16777216,1,25.551799,4.000001
1,r1n.changed.depth_1,16777216,2,25.537787,4.000001
1,r1n.changed.depth_1,16777216,3,25.585479,4.000001
1,r1n.changed.depth_1,16777216,4,25.572717,4.000001
1,r1n.changed.depth_1,16777216,5,25.606283,4.000001
1,r1n.changed.depth_1,16777216,6,25.725711,4.000001
1,r1n.changed.depth_1,16777216,7,25.601508,4.000001
1,r1n.changed.depth_1,16777216,8,25.561448,4.000001
1,r1n.changed.depth_1,16777216,9,25.504292,4.000001
1,incremental.raw.changed.depth_10,8388608,1,104.293804,0.000001
1,incremental.raw.changed.depth_10,8388608,2,103.878023,0.000001
1,incremental.raw.changed.depth_10,8388608,3,103.873731,0.000001
1,incremental.raw.changed.depth_10,8388608,4,103.657101,0.000001
1,incremental.raw.changed.depth_10,8388608,5,103.721732,0.000001
1,incremental.raw.changed.depth_10,8388608,6,103.757145,0.000001
1,incremental.raw.changed.depth_10,8388608,7,103.847867,0.000001
1,incremental.raw.changed.depth_10,8388608,8,103.330848,0.000001
1,incremental.raw.changed.depth_10,8388608,9,96.821537,0.000001
1,r1n.changed.depth_10,16777216,1,58.320936,4.000001
1,r1n.changed.depth_10,16777216,2,58.340675,4.000001
1,r1n.changed.depth_10,16777216,3,58.322541,4.000001
1,r1n.changed.depth_10,16777216,4,58.474598,4.000001
1,r1n.changed.depth_10,16777216,5,58.380238,4.000001
1,r1n.changed.depth_10,16777216,6,58.421307,4.000001
1,r1n.changed.depth_10,16777216,7,58.534980,4.000001
1,r1n.changed.depth_10,16777216,8,58.604712,4.000001
1,r1n.changed.depth_10,16777216,9,58.678793,4.000001
1,incremental.raw.changed.depth_100,524288,1,992.704372,0.000019
1,incremental.raw.changed.depth_100,524288,2,993.505182,0.000019
1,incremental.raw.changed.depth_100,524288,3,993.415597,0.000019
1,incremental.raw.changed.depth_100,524288,4,992.654805,0.000019
1,incremental.raw.changed.depth_100,524288,5,990.379249,0.000019
1,incremental.raw.changed.depth_100,524288,6,989.505679,0.000019
1,incremental.raw.changed.depth_100,524288,7,989.326054,0.000019
1,incremental.raw.changed.depth_100,524288,8,991.191882,0.000019
1,incremental.raw.changed.depth_100,524288,9,989.435193,0.000019
1,r1n.changed.depth_100,1048576,1,542.116140,4.000010
1,r1n.changed.depth_100,1048576,2,543.653641,4.000010
1,r1n.changed.depth_100,1048576,3,544.146587,4.000010
1,r1n.changed.depth_100,1048576,4,544.495606,4.000010
1,r1n.changed.depth_100,1048576,5,544.373506,4.000010
1,r1n.changed.depth_100,1048576,6,543.290980,4.000010
1,r1n.changed.depth_100,1048576,7,540.520659,4.000010
1,r1n.changed.depth_100,1048576,8,541.243480,4.000010
1,r1n.changed.depth_100,1048576,9,541.406507,4.000010
1,incremental.raw.cutoff.depth_10,16777216,1,32.546509,0.000001
1,incremental.raw.cutoff.depth_10,16777216,2,32.491144,0.000001
1,incremental.raw.cutoff.depth_10,16777216,3,32.515516,0.000001
1,incremental.raw.cutoff.depth_10,16777216,4,32.580132,0.000001
1,incremental.raw.cutoff.depth_10,16777216,5,32.511295,0.000001
1,incremental.raw.cutoff.depth_10,16777216,6,31.563516,0.000001
1,incremental.raw.cutoff.depth_10,16777216,7,29.512691,0.000001
1,incremental.raw.cutoff.depth_10,16777216,8,29.887019,0.000001
1,incremental.raw.cutoff.depth_10,16777216,9,30.243626,0.000001
1,r1n.cutoff.depth_10,16777216,1,25.455108,4.000001
1,r1n.cutoff.depth_10,16777216,2,25.524741,4.000001
1,r1n.cutoff.depth_10,16777216,3,25.459173,4.000001
1,r1n.cutoff.depth_10,16777216,4,25.427227,4.000001
1,r1n.cutoff.depth_10,16777216,5,25.423773,4.000001
1,r1n.cutoff.depth_10,16777216,6,25.462157,4.000001
1,r1n.cutoff.depth_10,16777216,7,25.524074,4.000001
1,r1n.cutoff.depth_10,16777216,8,25.427397,4.000001
1,r1n.cutoff.depth_10,16777216,9,25.419666,4.000001
1,incremental.raw.changed.depth_1,16777216,1,32.985568,0.000001
1,incremental.raw.changed.depth_1,16777216,2,31.820477,0.000001
1,incremental.raw.changed.depth_1,16777216,3,31.553867,0.000001
1,incremental.raw.changed.depth_1,16777216,4,32.143660,0.000001
1,incremental.raw.changed.depth_1,16777216,5,31.170785,0.000001
1,incremental.raw.changed.depth_1,16777216,6,31.010032,0.000001
1,incremental.raw.changed.depth_1,16777216,7,31.478294,0.000001
1,incremental.raw.changed.depth_1,16777216,8,31.455997,0.000001
1,incremental.raw.changed.depth_1,16777216,9,31.478407,0.000001
1,r1i.changed.depth_1,16777216,1,24.394694,4.000001
1,r1i.changed.depth_1,16777216,2,24.381578,4.000001
1,r1i.changed.depth_1,16777216,3,24.431998,4.000001
1,r1i.changed.depth_1,16777216,4,24.434627,4.000001
1,r1i.changed.depth_1,16777216,5,24.393088,4.000001
1,r1i.changed.depth_1,16777216,6,24.394510,4.000001
1,r1i.changed.depth_1,16777216,7,24.398446,4.000001
1,r1i.changed.depth_1,16777216,8,24.374117,4.000001
1,r1i.changed.depth_1,16777216,9,24.378593,4.000001
1,incremental.raw.changed.depth_10,8388608,1,106.344118,0.000001
1,incremental.raw.changed.depth_10,8388608,2,106.166112,0.000001
1,incremental.raw.changed.depth_10,8388608,3,106.196779,0.000001
1,incremental.raw.changed.depth_10,8388608,4,106.217868,0.000001
1,incremental.raw.changed.depth_10,8388608,5,106.226452,0.000001
1,incremental.raw.changed.depth_10,8388608,6,106.237167,0.000001
1,incremental.raw.changed.depth_10,8388608,7,106.274740,0.000001
1,incremental.raw.changed.depth_10,8388608,8,106.257801,0.000001
1,incremental.raw.changed.depth_10,8388608,9,106.464626,0.000001
1,r1i.changed.depth_10,8388608,1,69.413659,4.000001
1,r1i.changed.depth_10,8388608,2,69.390438,4.000001
1,r1i.changed.depth_10,8388608,3,69.385521,4.000001
1,r1i.changed.depth_10,8388608,4,69.356673,4.000001
1,r1i.changed.depth_10,8388608,5,69.400187,4.000001
1,r1i.changed.depth_10,8388608,6,69.367644,4.000001
1,r1i.changed.depth_10,8388608,7,69.485651,4.000001
1,r1i.changed.depth_10,8388608,8,69.423550,4.000001
1,r1i.changed.depth_10,8388608,9,69.540505,4.000001
1,incremental.raw.changed.depth_100,524288,1,1078.708465,0.000019
1,incremental.raw.changed.depth_100,524288,2,1078.222340,0.000019
1,incremental.raw.changed.depth_100,524288,3,1030.340172,0.000019
1,incremental.raw.changed.depth_100,524288,4,1017.625891,0.000019
1,incremental.raw.changed.depth_100,524288,5,1001.402325,0.000019
1,incremental.raw.changed.depth_100,524288,6,989.807177,0.000019
1,incremental.raw.changed.depth_100,524288,7,990.993158,0.000019
1,incremental.raw.changed.depth_100,524288,8,990.051376,0.000019
1,incremental.raw.changed.depth_100,524288,9,991.102297,0.000019
1,r1i.changed.depth_100,1048576,1,720.884145,4.000010
1,r1i.changed.depth_100,1048576,2,707.455683,4.000010
1,r1i.changed.depth_100,1048576,3,693.917173,4.000010
1,r1i.changed.depth_100,1048576,4,695.329618,4.000010
1,r1i.changed.depth_100,1048576,5,695.093149,4.000010
1,r1i.changed.depth_100,1048576,6,694.120445,4.000010
1,r1i.changed.depth_100,1048576,7,695.132258,4.000010
1,r1i.changed.depth_100,1048576,8,722.674486,4.000010
1,r1i.changed.depth_100,1048576,9,718.652927,4.000010
1,incremental.raw.cutoff.depth_10,16777216,1,32.529229,0.000001
1,incremental.raw.cutoff.depth_10,16777216,2,32.515828,0.000001
1,incremental.raw.cutoff.depth_10,16777216,3,32.527623,0.000001
1,incremental.raw.cutoff.depth_10,16777216,4,32.553316,0.000001
1,incremental.raw.cutoff.depth_10,16777216,5,30.203822,0.000001
1,incremental.raw.cutoff.depth_10,16777216,6,29.865987,0.000001
1,incremental.raw.cutoff.depth_10,16777216,7,29.824676,0.000001
1,incremental.raw.cutoff.depth_10,16777216,8,29.775862,0.000001
1,incremental.raw.cutoff.depth_10,16777216,9,29.614625,0.000001
1,r1i.cutoff.depth_10,16777216,1,22.784761,4.000001
1,r1i.cutoff.depth_10,16777216,2,22.796399,4.000001
1,r1i.cutoff.depth_10,16777216,3,22.807299,4.000001
1,r1i.cutoff.depth_10,16777216,4,22.815527,4.000001
1,r1i.cutoff.depth_10,16777216,5,22.776078,4.000001
1,r1i.cutoff.depth_10,16777216,6,22.750015,4.000001
1,r1i.cutoff.depth_10,16777216,7,22.756879,4.000001
1,r1i.cutoff.depth_10,16777216,8,22.778210,4.000001
1,r1i.cutoff.depth_10,16777216,9,22.760332,4.000001
1,r1i.fan_in.diamond,8388608,1,69.128276,16.000001
1,r1i.fan_in.diamond,8388608,2,69.282777,16.000001
1,r1i.fan_in.diamond,8388608,3,69.803718,16.000001
1,r1i.fan_in.diamond,8388608,4,69.822420,16.000001
1,r1i.fan_in.diamond,8388608,5,69.766628,16.000001
1,r1i.fan_in.diamond,8388608,6,69.840326,16.000001
1,r1i.fan_in.diamond,8388608,7,69.792492,16.000001
1,r1i.fan_in.diamond,8388608,8,69.284681,16.000001
1,r1i.fan_in.diamond,8388608,9,69.435600,16.000001
1,r1i.failed_retry.depth_1,8388608,1,74.267632,8.000001
1,r1i.failed_retry.depth_1,8388608,2,74.306371,8.000001
1,r1i.failed_retry.depth_1,8388608,3,74.451918,8.000001
1,r1i.failed_retry.depth_1,8388608,4,74.347753,8.000001
1,r1i.failed_retry.depth_1,8388608,5,74.017862,8.000001
1,r1i.failed_retry.depth_1,8388608,6,74.111824,8.000001
1,r1i.failed_retry.depth_1,8388608,7,74.950691,8.000001
1,r1i.failed_retry.depth_1,8388608,8,76.311125,8.000001
1,r1i.failed_retry.depth_1,8388608,9,75.527566,8.000001
1,r1i.failed_retry.depth_10,4194304,1,221.527330,8.000002
1,r1i.failed_retry.depth_10,4194304,2,222.412325,8.000002
1,r1i.failed_retry.depth_10,4194304,3,223.639518,8.000002
1,r1i.failed_retry.depth_10,4194304,4,215.820535,8.000002
1,r1i.failed_retry.depth_10,4194304,5,215.203784,8.000002
1,r1i.failed_retry.depth_10,4194304,6,220.979928,8.000002
1,r1i.failed_retry.depth_10,4194304,7,218.437435,8.000002
1,r1i.failed_retry.depth_10,4194304,8,218.863704,8.000002
1,r1i.failed_retry.depth_10,4194304,9,218.256218,8.000002
1,r1i.failed_retry.depth_100,524288,1,1604.063073,8.000019
1,r1i.failed_retry.depth_100,524288,2,1600.335963,8.000019
1,r1i.failed_retry.depth_100,524288,3,1598.169547,8.000019
1,r1i.failed_retry.depth_100,524288,4,1597.709343,8.000019
1,r1i.failed_retry.depth_100,524288,5,1597.728897,8.000019
1,r1i.failed_retry.depth_100,524288,6,1597.450591,8.000019
1,r1i.failed_retry.depth_100,524288,7,1590.711236,8.000019
1,r1i.failed_retry.depth_100,524288,8,1579.567197,8.000019
1,r1i.failed_retry.depth_100,524288,9,1581.005108,8.000019
1,incremental.raw.changed.depth_1,16777216,1,33.787188,0.000001
1,incremental.raw.changed.depth_1,16777216,2,33.784261,0.000001
1,incremental.raw.changed.depth_1,16777216,3,33.789220,0.000001
1,incremental.raw.changed.depth_1,16777216,4,33.614285,0.000001
1,incremental.raw.changed.depth_1,16777216,5,31.623188,0.000001
1,incremental.raw.changed.depth_1,16777216,6,31.451293,0.000001
1,incremental.raw.changed.depth_1,16777216,7,31.619123,0.000001
1,incremental.raw.changed.depth_1,16777216,8,31.480852,0.000001
1,incremental.raw.changed.depth_1,16777216,9,31.487048,0.000001
1,r06.changed.depth_1,16777216,1,18.729736,4.000001
1,r06.changed.depth_1,16777216,2,18.731356,4.000001
1,r06.changed.depth_1,16777216,3,18.769086,4.000001
1,r06.changed.depth_1,16777216,4,18.737254,4.000001
1,r06.changed.depth_1,16777216,5,18.739513,4.000001
1,r06.changed.depth_1,16777216,6,18.745666,4.000001
1,r06.changed.depth_1,16777216,7,18.797152,4.000001
1,r06.changed.depth_1,16777216,8,18.742554,4.000001
1,r06.changed.depth_1,16777216,9,18.710068,4.000001
1,incremental.raw.changed.depth_10,8388608,1,104.008905,0.000001
1,incremental.raw.changed.depth_10,8388608,2,99.589727,0.000001
1,incremental.raw.changed.depth_10,8388608,3,98.378052,0.000001
1,incremental.raw.changed.depth_10,8388608,4,98.481650,0.000001
1,incremental.raw.changed.depth_10,8388608,5,100.510476,0.000001
1,incremental.raw.changed.depth_10,8388608,6,97.604868,0.000001
1,incremental.raw.changed.depth_10,8388608,7,97.041152,0.000001
1,incremental.raw.changed.depth_10,8388608,8,97.059001,0.000001
1,incremental.raw.changed.depth_10,8388608,9,98.394736,0.000001
1,r06.changed.depth_10,16777216,1,52.406136,4.000001
1,r06.changed.depth_10,16777216,2,52.400821,4.000001
1,r06.changed.depth_10,16777216,3,52.458176,4.000001
1,r06.changed.depth_10,16777216,4,52.367795,4.000001
1,r06.changed.depth_10,16777216,5,52.453160,4.000001
1,r06.changed.depth_10,16777216,6,52.455846,4.000001
1,r06.changed.depth_10,16777216,7,52.356356,4.000001
1,r06.changed.depth_10,16777216,8,52.387421,4.000001
1,r06.changed.depth_10,16777216,9,52.328232,4.000001
1,incremental.raw.changed.depth_100,524288,1,1012.966550,0.000019
1,incremental.raw.changed.depth_100,524288,2,1012.474058,0.000019
1,incremental.raw.changed.depth_100,524288,3,1014.141162,0.000019
1,incremental.raw.changed.depth_100,524288,4,1013.345809,0.000019
1,incremental.raw.changed.depth_100,524288,5,1013.299880,0.000019
1,incremental.raw.changed.depth_100,524288,6,1013.753717,0.000019
1,incremental.raw.changed.depth_100,524288,7,1013.173915,0.000019
1,incremental.raw.changed.depth_100,524288,8,1013.326255,0.000019
1,incremental.raw.changed.depth_100,524288,9,1012.889697,0.000019
1,r06.changed.depth_100,1048576,1,520.842605,4.000010
1,r06.changed.depth_100,1048576,2,522.207301,4.000010
1,r06.changed.depth_100,1048576,3,541.809186,4.000010
1,r06.changed.depth_100,1048576,4,541.180498,4.000010
1,r06.changed.depth_100,1048576,5,525.162704,4.000010
1,r06.changed.depth_100,1048576,6,522.172058,4.000010
1,r06.changed.depth_100,1048576,7,522.868277,4.000010
1,r06.changed.depth_100,1048576,8,523.093377,4.000010
1,r06.changed.depth_100,1048576,9,523.361223,4.000010
1,incremental.raw.cutoff.depth_10,16777216,1,32.497468,0.000001
1,incremental.raw.cutoff.depth_10,16777216,2,32.478681,0.000001
1,incremental.raw.cutoff.depth_10,16777216,3,32.477260,0.000001
1,incremental.raw.cutoff.depth_10,16777216,4,32.482873,0.000001
1,incremental.raw.cutoff.depth_10,16777216,5,32.490377,0.000001
1,incremental.raw.cutoff.depth_10,16777216,6,32.491386,0.000001
1,incremental.raw.cutoff.depth_10,16777216,7,32.488643,0.000001
1,incremental.raw.cutoff.depth_10,16777216,8,32.494896,0.000001
1,incremental.raw.cutoff.depth_10,16777216,9,32.483698,0.000001
1,r06.cutoff.depth_10,16777216,1,18.877927,4.000001
1,r06.cutoff.depth_10,16777216,2,18.889310,4.000001
1,r06.cutoff.depth_10,16777216,3,18.877572,4.000001
1,r06.cutoff.depth_10,16777216,4,18.872797,4.000001
1,r06.cutoff.depth_10,16777216,5,18.880542,4.000001
1,r06.cutoff.depth_10,16777216,6,18.960478,4.000001
1,r06.cutoff.depth_10,16777216,7,18.882517,4.000001
1,r06.cutoff.depth_10,16777216,8,18.801160,4.000001
1,r06.cutoff.depth_10,16777216,9,18.797692,4.000001
2,incremental.raw.changed.depth_1,16777216,1,33.456629,0.000001
2,incremental.raw.changed.depth_1,16777216,2,33.454540,0.000001
2,incremental.raw.changed.depth_1,16777216,3,33.455962,0.000001
2,incremental.raw.changed.depth_1,16777216,4,33.480347,0.000001
2,incremental.raw.changed.depth_1,16777216,5,33.462882,0.000001
2,incremental.raw.changed.depth_1,16777216,6,33.467529,0.000001
2,incremental.raw.changed.depth_1,16777216,7,33.472119,0.000001
2,incremental.raw.changed.depth_1,16777216,8,33.468481,0.000001
2,incremental.raw.changed.depth_1,16777216,9,33.454839,0.000001
2,r1.changed.depth_1,16777216,1,34.182790,4.000001
2,r1.changed.depth_1,16777216,2,34.252167,4.000001
2,r1.changed.depth_1,16777216,3,34.243769,4.000001
2,r1.changed.depth_1,16777216,4,34.261703,4.000001
2,r1.changed.depth_1,16777216,5,34.515026,4.000001
2,r1.changed.depth_1,16777216,6,34.118770,4.000001
2,r1.changed.depth_1,16777216,7,34.068520,4.000001
2,r1.changed.depth_1,16777216,8,33.959623,4.000001
2,r1.changed.depth_1,16777216,9,33.794407,4.000001
2,incremental.raw.changed.depth_10,8388608,1,107.761167,0.000001
2,incremental.raw.changed.depth_10,8388608,2,107.878691,0.000001
2,incremental.raw.changed.depth_10,8388608,3,107.856636,0.000001
2,incremental.raw.changed.depth_10,8388608,4,107.446908,0.000001
2,incremental.raw.changed.depth_10,8388608,5,107.389326,0.000001
2,incremental.raw.changed.depth_10,8388608,6,107.440826,0.000001
2,incremental.raw.changed.depth_10,8388608,7,107.428917,0.000001
2,incremental.raw.changed.depth_10,8388608,8,104.507194,0.000001
2,incremental.raw.changed.depth_10,8388608,9,96.899129,0.000001
2,r1.changed.depth_10,4194304,1,130.069282,4.000002
2,r1.changed.depth_10,4194304,2,130.006356,4.000002
2,r1.changed.depth_10,4194304,3,122.494953,4.000002
2,r1.changed.depth_10,4194304,4,121.459493,4.000002
2,r1.changed.depth_10,4194304,5,121.341657,4.000002
2,r1.changed.depth_10,4194304,6,122.174981,4.000002
2,r1.changed.depth_10,4194304,7,122.242454,4.000002
2,r1.changed.depth_10,4194304,8,122.215511,4.000002
2,r1.changed.depth_10,4194304,9,122.153779,4.000002
2,incremental.raw.changed.depth_100,524288,1,1076.829903,0.000019
2,incremental.raw.changed.depth_100,524288,2,1077.018624,0.000019
2,incremental.raw.changed.depth_100,524288,3,1077.421075,0.000019
2,incremental.raw.changed.depth_100,524288,4,1014.331701,0.000019
2,incremental.raw.changed.depth_100,524288,5,988.632110,0.000019
2,incremental.raw.changed.depth_100,524288,6,988.861302,0.000019
2,incremental.raw.changed.depth_100,524288,7,988.891770,0.000019
2,incremental.raw.changed.depth_100,524288,8,988.141892,0.000019
2,incremental.raw.changed.depth_100,524288,9,988.098236,0.000019
2,r1.changed.depth_100,524288,1,1154.674464,4.000019
2,r1.changed.depth_100,524288,2,1155.407062,4.000019
2,r1.changed.depth_100,524288,3,1155.212431,4.000019
2,r1.changed.depth_100,524288,4,1153.785433,4.000019
2,r1.changed.depth_100,524288,5,1156.864528,4.000019
2,r1.changed.depth_100,524288,6,1150.640401,4.000019
2,r1.changed.depth_100,524288,7,1148.408955,4.000019
2,r1.changed.depth_100,524288,8,1151.212473,4.000019
2,r1.changed.depth_100,524288,9,1111.091478,4.000019
2,incremental.raw.cutoff.depth_10,16777216,1,30.091641,0.000001
2,incremental.raw.cutoff.depth_10,16777216,2,29.534704,0.000001
2,incremental.raw.cutoff.depth_10,16777216,3,29.502516,0.000001
2,incremental.raw.cutoff.depth_10,16777216,4,29.543273,0.000001
2,incremental.raw.cutoff.depth_10,16777216,5,29.516329,0.000001
2,incremental.raw.cutoff.depth_10,16777216,6,29.501322,0.000001
2,incremental.raw.cutoff.depth_10,16777216,7,29.513956,0.000001
2,incremental.raw.cutoff.depth_10,16777216,8,29.545546,0.000001
2,incremental.raw.cutoff.depth_10,16777216,9,29.528806,0.000001
2,r1.cutoff.depth_10,16777216,1,30.704385,4.000001
2,r1.cutoff.depth_10,16777216,2,30.736032,4.000001
2,r1.cutoff.depth_10,16777216,3,30.532121,4.000001
2,r1.cutoff.depth_10,16777216,4,30.564792,4.000001
2,r1.cutoff.depth_10,16777216,5,30.712073,4.000001
2,r1.cutoff.depth_10,16777216,6,30.706403,4.000001
2,r1.cutoff.depth_10,16777216,7,30.713323,4.000001
2,r1.cutoff.depth_10,16777216,8,30.721552,4.000001
2,r1.cutoff.depth_10,16777216,9,30.708733,4.000001
2,r1.fan_in.diamond,8388608,1,94.670042,16.000001
2,r1.fan_in.diamond,8388608,2,94.665069,16.000001
2,r1.fan_in.diamond,8388608,3,94.438548,16.000001
2,r1.fan_in.diamond,8388608,4,94.852822,16.000001
2,r1.fan_in.diamond,8388608,5,97.430217,16.000001
2,r1.fan_in.diamond,8388608,6,97.836619,16.000001
2,r1.fan_in.diamond,8388608,7,95.568652,16.000001
2,r1.fan_in.diamond,8388608,8,95.022330,16.000001
2,r1.fan_in.diamond,8388608,9,91.121308,16.000001
2,incremental.raw.changed.depth_1,16777216,1,33.606710,0.000001
2,incremental.raw.changed.depth_1,16777216,2,33.604508,0.000001
2,incremental.raw.changed.depth_1,16777216,3,33.607066,0.000001
2,incremental.raw.changed.depth_1,16777216,4,33.628751,0.000001
2,incremental.raw.changed.depth_1,16777216,5,33.614810,0.000001
2,incremental.raw.changed.depth_1,16777216,6,33.613745,0.000001
2,incremental.raw.changed.depth_1,16777216,7,32.001680,0.000001
2,incremental.raw.changed.depth_1,16777216,8,31.611862,0.000001
2,incremental.raw.changed.depth_1,16777216,9,31.445921,0.000001
2,r2.changed.depth_1,16777216,1,34.304023,4.000001
2,r2.changed.depth_1,16777216,2,33.901699,4.000001
2,r2.changed.depth_1,16777216,3,33.877726,4.000001
2,r2.changed.depth_1,16777216,4,34.125804,4.000001
2,r2.changed.depth_1,16777216,5,34.037413,4.000001
2,r2.changed.depth_1,16777216,6,33.906275,4.000001
2,r2.changed.depth_1,16777216,7,33.914972,4.000001
2,r2.changed.depth_1,16777216,8,33.875878,4.000001
2,r2.changed.depth_1,16777216,9,33.931016,4.000001
2,incremental.raw.changed.depth_10,8388608,1,101.320495,0.000001
2,incremental.raw.changed.depth_10,8388608,2,99.590522,0.000001
2,incremental.raw.changed.depth_10,8388608,3,96.172812,0.000001
2,incremental.raw.changed.depth_10,8388608,4,97.295896,0.000001
2,incremental.raw.changed.depth_10,8388608,5,97.097058,0.000001
2,incremental.raw.changed.depth_10,8388608,6,96.323845,0.000001
2,incremental.raw.changed.depth_10,8388608,7,96.314210,0.000001
2,incremental.raw.changed.depth_10,8388608,8,96.311709,0.000001
2,incremental.raw.changed.depth_10,8388608,9,96.296418,0.000001
2,r2.changed.depth_10,4194304,1,124.494306,4.000002
2,r2.changed.depth_10,4194304,2,124.494761,4.000002
2,r2.changed.depth_10,4194304,3,121.898893,4.000002
2,r2.changed.depth_10,4194304,4,122.124447,4.000002
2,r2.changed.depth_10,4194304,5,122.699248,4.000002
2,r2.changed.depth_10,4194304,6,122.659685,4.000002
2,r2.changed.depth_10,4194304,7,122.659003,4.000002
2,r2.changed.depth_10,4194304,8,122.689244,4.000002
2,r2.changed.depth_10,4194304,9,122.747167,4.000002
2,incremental.raw.changed.depth_100,524288,1,1066.076038,0.000019
2,incremental.raw.changed.depth_100,524288,2,1012.487701,0.000019
2,incremental.raw.changed.depth_100,524288,3,1014.236659,0.000019
2,incremental.raw.changed.depth_100,524288,4,994.333277,0.000019
2,incremental.raw.changed.depth_100,524288,5,1004.386831,0.000019
2,incremental.raw.changed.depth_100,524288,6,996.557446,0.000019
2,incremental.raw.changed.depth_100,524288,7,994.701622,0.000019
2,incremental.raw.changed.depth_100,524288,8,991.670731,0.000019
2,incremental.raw.changed.depth_100,524288,9,990.119588,0.000019
2,r2.changed.depth_100,524288,1,1138.993866,4.000019
2,r2.changed.depth_100,524288,2,1129.957127,4.000019
2,r2.changed.depth_100,524288,3,1030.086878,4.000019
2,r2.changed.depth_100,524288,4,1029.140094,4.000019
2,r2.changed.depth_100,524288,5,1033.827175,4.000019
2,r2.changed.depth_100,524288,6,1032.570253,4.000019
2,r2.changed.depth_100,524288,7,1030.856765,4.000019
2,r2.changed.depth_100,524288,8,1031.623924,4.000019
2,r2.changed.depth_100,524288,9,1031.999545,4.000019
2,incremental.raw.cutoff.depth_10,16777216,1,31.153320,0.000001
2,incremental.raw.cutoff.depth_10,16777216,2,31.278546,0.000001
2,incremental.raw.cutoff.depth_10,16777216,3,31.214356,0.000001
2,incremental.raw.cutoff.depth_10,16777216,4,31.167389,0.000001
2,incremental.raw.cutoff.depth_10,16777216,5,31.136452,0.000001
2,incremental.raw.cutoff.depth_10,16777216,6,31.131393,0.000001
2,incremental.raw.cutoff.depth_10,16777216,7,31.205118,0.000001
2,incremental.raw.cutoff.depth_10,16777216,8,29.956936,0.000001
2,incremental.raw.cutoff.depth_10,16777216,9,29.854590,0.000001
2,r2.cutoff.depth_10,16777216,1,30.137301,4.000001
2,r2.cutoff.depth_10,16777216,2,30.214849,4.000001
2,r2.cutoff.depth_10,16777216,3,30.196375,4.000001
2,r2.cutoff.depth_10,16777216,4,30.190421,4.000001
2,r2.cutoff.depth_10,16777216,5,30.190478,4.000001
2,r2.cutoff.depth_10,16777216,6,30.205541,4.000001
2,r2.cutoff.depth_10,16777216,7,30.218246,4.000001
2,r2.cutoff.depth_10,16777216,8,30.221941,4.000001
2,r2.cutoff.depth_10,16777216,9,30.250732,4.000001
2,r2.fan_in.diamond,8388608,1,91.387875,16.000001
2,r2.fan_in.diamond,8388608,2,91.129550,16.000001
2,r2.fan_in.diamond,8388608,3,90.419178,16.000001
2,r2.fan_in.diamond,8388608,4,90.229747,16.000001
2,r2.fan_in.diamond,8388608,5,95.430721,16.000001
2,r2.fan_in.diamond,8388608,6,95.436945,16.000001
2,r2.fan_in.diamond,8388608,7,95.394512,16.000001
2,r2.fan_in.diamond,8388608,8,95.316750,16.000001
2,r2.fan_in.diamond,8388608,9,88.331007,16.000001
2,r1.failed_retry.depth_1,8388608,1,101.380465,8.000001
2,r1.failed_retry.depth_1,8388608,2,101.419090,8.000001
2,r1.failed_retry.depth_1,8388608,3,98.476050,8.000001
2,r1.failed_retry.depth_1,8388608,4,98.106028,8.000001
2,r1.failed_retry.depth_1,8388608,5,98.500266,8.000001
2,r1.failed_retry.depth_1,8388608,6,99.150554,8.000001
2,r1.failed_retry.depth_1,8388608,7,98.900443,8.000001
2,r1.failed_retry.depth_1,8388608,8,99.567870,8.000001
2,r1.failed_retry.depth_1,8388608,9,100.442293,8.000001
2,r1.failed_retry.depth_10,2097152,1,330.466264,8.000005
2,r1.failed_retry.depth_10,2097152,2,299.817543,8.000005
2,r1.failed_retry.depth_10,2097152,3,301.673026,8.000005
2,r1.failed_retry.depth_10,2097152,4,309.947950,8.000005
2,r1.failed_retry.depth_10,2097152,5,305.143317,8.000005
2,r1.failed_retry.depth_10,2097152,6,300.186684,8.000005
2,r1.failed_retry.depth_10,2097152,7,299.831868,8.000005
2,r1.failed_retry.depth_10,2097152,8,299.562885,8.000005
2,r1.failed_retry.depth_10,2097152,9,299.025032,8.000005
2,r1.failed_retry.depth_100,262144,1,2344.291715,8.000038
2,r1.failed_retry.depth_100,262144,2,2341.754225,8.000038
2,r1.failed_retry.depth_100,262144,3,2347.907866,8.000038
2,r1.failed_retry.depth_100,262144,4,2337.993465,8.000038
2,r1.failed_retry.depth_100,262144,5,2341.392246,8.000038
2,r1.failed_retry.depth_100,262144,6,2347.923328,8.000038
2,r1.failed_retry.depth_100,262144,7,2360.874532,8.000038
2,r1.failed_retry.depth_100,262144,8,2363.673957,8.000038
2,r1.failed_retry.depth_100,262144,9,2410.198249,8.000038
2,r2.failed_retry.depth_1,8388608,1,100.843067,8.000001
2,r2.failed_retry.depth_1,8388608,2,100.188856,8.000001
2,r2.failed_retry.depth_1,8388608,3,100.324741,8.000001
2,r2.failed_retry.depth_1,8388608,4,99.849245,8.000001
2,r2.failed_retry.depth_1,8388608,5,99.422351,8.000001
2,r2.failed_retry.depth_1,8388608,6,98.506092,8.000001
2,r2.failed_retry.depth_1,8388608,7,98.500124,8.000001
2,r2.failed_retry.depth_1,8388608,8,99.030956,8.000001
2,r2.failed_retry.depth_1,8388608,9,99.668853,8.000001
2,r2.failed_retry.depth_10,2097152,1,292.508162,8.000005
2,r2.failed_retry.depth_10,2097152,2,292.964387,8.000005
2,r2.failed_retry.depth_10,2097152,3,294.118422,8.000005
2,r2.failed_retry.depth_10,2097152,4,294.140364,8.000005
2,r2.failed_retry.depth_10,2097152,5,293.767016,8.000005
2,r2.failed_retry.depth_10,2097152,6,293.010203,8.000005
2,r2.failed_retry.depth_10,2097152,7,294.873757,8.000005
2,r2.failed_retry.depth_10,2097152,8,296.328039,8.000005
2,r2.failed_retry.depth_10,2097152,9,296.436838,8.000005
2,r2.failed_retry.depth_100,262144,1,2207.611033,8.000038
2,r2.failed_retry.depth_100,262144,2,2206.889803,8.000038
2,r2.failed_retry.depth_100,262144,3,2205.657438,8.000038
2,r2.failed_retry.depth_100,262144,4,2208.419573,8.000038
2,r2.failed_retry.depth_100,262144,5,2209.953891,8.000038
2,r2.failed_retry.depth_100,262144,6,2207.313628,8.000038
2,r2.failed_retry.depth_100,262144,7,2207.058060,8.000038
2,r2.failed_retry.depth_100,262144,8,2210.327693,8.000038
2,r2.failed_retry.depth_100,262144,9,2209.743798,8.000038
2,incremental.raw.changed.depth_1,16777216,1,33.645563,0.000001
2,incremental.raw.changed.depth_1,16777216,2,31.984996,0.000001
2,incremental.raw.changed.depth_1,16777216,3,31.486209,0.000001
2,incremental.raw.changed.depth_1,16777216,4,31.454263,0.000001
2,incremental.raw.changed.depth_1,16777216,5,31.485669,0.000001
2,incremental.raw.changed.depth_1,16777216,6,31.468744,0.000001
2,incremental.raw.changed.depth_1,16777216,7,31.454746,0.000001
2,incremental.raw.changed.depth_1,16777216,8,31.451165,0.000001
2,incremental.raw.changed.depth_1,16777216,9,31.446930,0.000001
2,r1b.changed.depth_1,16777216,1,31.513338,4.000001
2,r1b.changed.depth_1,16777216,2,31.562209,4.000001
2,r1b.changed.depth_1,16777216,3,31.540822,4.000001
2,r1b.changed.depth_1,16777216,4,31.540694,4.000001
2,r1b.changed.depth_1,16777216,5,31.221575,4.000001
2,r1b.changed.depth_1,16777216,6,31.001861,4.000001
2,r1b.changed.depth_1,16777216,7,30.995963,4.000001
2,r1b.changed.depth_1,16777216,8,31.052053,4.000001
2,r1b.changed.depth_1,16777216,9,31.260072,4.000001
2,incremental.raw.changed.depth_10,8388608,1,107.373239,0.000001
2,incremental.raw.changed.depth_10,8388608,2,102.398161,0.000001
2,incremental.raw.changed.depth_10,8388608,3,97.456706,0.000001
2,incremental.raw.changed.depth_10,8388608,4,98.332038,0.000001
2,incremental.raw.changed.depth_10,8388608,5,99.548686,0.000001
2,incremental.raw.changed.depth_10,8388608,6,98.276274,0.000001
2,incremental.raw.changed.depth_10,8388608,7,98.327035,0.000001
2,incremental.raw.changed.depth_10,8388608,8,98.780873,0.000001
2,incremental.raw.changed.depth_10,8388608,9,102.422831,0.000001
2,r1b.changed.depth_10,8388608,1,102.593674,4.000001
2,r1b.changed.depth_10,8388608,2,103.135704,4.000001
2,r1b.changed.depth_10,8388608,3,103.110551,4.000001
2,r1b.changed.depth_10,8388608,4,103.098017,4.000001
2,r1b.changed.depth_10,8388608,5,103.191383,4.000001
2,r1b.changed.depth_10,8388608,6,105.030438,4.000001
2,r1b.changed.depth_10,8388608,7,105.029926,4.000001
2,r1b.changed.depth_10,8388608,8,104.969274,4.000001
2,r1b.changed.depth_10,8388608,9,104.983940,4.000001
2,incremental.raw.changed.depth_100,524288,1,1014.362169,0.000019
2,incremental.raw.changed.depth_100,524288,2,1013.351266,0.000019
2,incremental.raw.changed.depth_100,524288,3,1013.379915,0.000019
2,incremental.raw.changed.depth_100,524288,4,1014.476766,0.000019
2,incremental.raw.changed.depth_100,524288,5,1012.775556,0.000019
2,incremental.raw.changed.depth_100,524288,6,1012.693247,0.000019
2,incremental.raw.changed.depth_100,524288,7,1014.223471,0.000019
2,incremental.raw.changed.depth_100,524288,8,1005.539161,0.000019
2,incremental.raw.changed.depth_100,524288,9,990.010903,0.000019
2,r1b.changed.depth_100,1048576,1,903.947694,4.000010
2,r1b.changed.depth_100,1048576,2,905.851266,4.000010
2,r1b.changed.depth_100,1048576,3,905.367870,4.000010
2,r1b.changed.depth_100,1048576,4,908.994707,4.000010
2,r1b.changed.depth_100,1048576,5,908.944003,4.000010
2,r1b.changed.depth_100,1048576,6,909.065193,4.000010
2,r1b.changed.depth_100,1048576,7,904.249191,4.000010
2,r1b.changed.depth_100,1048576,8,904.530452,4.000010
2,r1b.changed.depth_100,1048576,9,904.008857,4.000010
2,incremental.raw.cutoff.depth_10,16777216,1,32.537699,0.000001
2,incremental.raw.cutoff.depth_10,16777216,2,32.539603,0.000001
2,incremental.raw.cutoff.depth_10,16777216,3,32.548371,0.000001
2,incremental.raw.cutoff.depth_10,16777216,4,32.558205,0.000001
2,incremental.raw.cutoff.depth_10,16777216,5,32.536576,0.000001
2,incremental.raw.cutoff.depth_10,16777216,6,32.395064,0.000001
2,incremental.raw.cutoff.depth_10,16777216,7,29.874570,0.000001
2,incremental.raw.cutoff.depth_10,16777216,8,29.911035,0.000001
2,incremental.raw.cutoff.depth_10,16777216,9,29.937027,0.000001
2,r1b.cutoff.depth_10,16777216,1,28.175762,4.000001
2,r1b.cutoff.depth_10,16777216,2,28.202592,4.000001
2,r1b.cutoff.depth_10,16777216,3,28.193782,4.000001
2,r1b.cutoff.depth_10,16777216,4,28.192815,4.000001
2,r1b.cutoff.depth_10,16777216,5,28.106214,4.000001
2,r1b.cutoff.depth_10,16777216,6,28.099649,4.000001
2,r1b.cutoff.depth_10,16777216,7,28.078617,4.000001
2,r1b.cutoff.depth_10,16777216,8,28.126180,4.000001
2,r1b.cutoff.depth_10,16777216,9,28.109966,4.000001
2,r1b.fan_in.diamond,8388608,1,87.582009,16.000001
2,r1b.fan_in.diamond,8388608,2,87.629786,16.000001
2,r1b.fan_in.diamond,8388608,3,87.252374,16.000001
2,r1b.fan_in.diamond,8388608,4,85.901377,16.000001
2,r1b.fan_in.diamond,8388608,5,85.085645,16.000001
2,r1b.fan_in.diamond,8388608,6,85.832824,16.000001
2,r1b.fan_in.diamond,8388608,7,84.745409,16.000001
2,r1b.fan_in.diamond,8388608,8,82.023149,16.000001
2,r1b.fan_in.diamond,8388608,9,79.346307,16.000001
2,r1b.failed_retry.depth_1,8388608,1,96.014503,8.000001
2,r1b.failed_retry.depth_1,8388608,2,96.162921,8.000001
2,r1b.failed_retry.depth_1,8388608,3,91.473822,8.000001
2,r1b.failed_retry.depth_1,8388608,4,90.111371,8.000001
2,r1b.failed_retry.depth_1,8388608,5,91.699974,8.000001
2,r1b.failed_retry.depth_1,8388608,6,91.783988,8.000001
2,r1b.failed_retry.depth_1,8388608,7,91.300592,8.000001
2,r1b.failed_retry.depth_1,8388608,8,90.871680,8.000001
2,r1b.failed_retry.depth_1,8388608,9,90.974680,8.000001
2,r1b.failed_retry.depth_10,2097152,1,266.811412,8.000005
2,r1b.failed_retry.depth_10,2097152,2,267.546625,8.000005
2,r1b.failed_retry.depth_10,2097152,3,267.647238,8.000005
2,r1b.failed_retry.depth_10,2097152,4,264.637947,8.000005
2,r1b.failed_retry.depth_10,2097152,5,265.814379,8.000005
2,r1b.failed_retry.depth_10,2097152,6,265.069502,8.000005
2,r1b.failed_retry.depth_10,2097152,7,263.001539,8.000005
2,r1b.failed_retry.depth_10,2097152,8,264.670916,8.000005
2,r1b.failed_retry.depth_10,2097152,9,267.143264,8.000005
2,r1b.failed_retry.depth_100,262144,1,2027.881237,8.000038
2,r1b.failed_retry.depth_100,262144,2,2030.002179,8.000038
2,r1b.failed_retry.depth_100,262144,3,2031.559234,8.000038
2,r1b.failed_retry.depth_100,262144,4,2033.351848,8.000038
2,r1b.failed_retry.depth_100,262144,5,2029.782081,8.000038
2,r1b.failed_retry.depth_100,262144,6,2031.567419,8.000038
2,r1b.failed_retry.depth_100,262144,7,2033.619239,8.000038
2,r1b.failed_retry.depth_100,262144,8,2035.377292,8.000038
2,r1b.failed_retry.depth_100,262144,9,2041.649168,8.000038
2,incremental.raw.changed.depth_1,16777216,1,33.517182,0.000001
2,incremental.raw.changed.depth_1,16777216,2,30.933208,0.000001
2,incremental.raw.changed.depth_1,16777216,3,30.922536,0.000001
2,incremental.raw.changed.depth_1,16777216,4,30.904530,0.000001
2,incremental.raw.changed.depth_1,16777216,5,31.455997,0.000001
2,incremental.raw.changed.depth_1,16777216,6,31.576576,0.000001
2,incremental.raw.changed.depth_1,16777216,7,31.613098,0.000001
2,incremental.raw.changed.depth_1,16777216,8,31.495219,0.000001
2,incremental.raw.changed.depth_1,16777216,9,31.655134,0.000001
2,r1m.changed.depth_1,16777216,1,30.388648,4.000001
2,r1m.changed.depth_1,16777216,2,30.397118,4.000001
2,r1m.changed.depth_1,16777216,3,30.397644,4.000001
2,r1m.changed.depth_1,16777216,4,30.375304,4.000001
2,r1m.changed.depth_1,16777216,5,30.383461,4.000001
2,r1m.changed.depth_1,16777216,6,30.366309,4.000001
2,r1m.changed.depth_1,16777216,7,30.291730,4.000001
2,r1m.changed.depth_1,16777216,8,30.278798,4.000001
2,r1m.changed.depth_1,16777216,9,30.279168,4.000001
2,incremental.raw.changed.depth_10,8388608,1,108.455907,0.000001
2,incremental.raw.changed.depth_10,8388608,2,108.356829,0.000001
2,incremental.raw.changed.depth_10,8388608,3,108.253971,0.000001
2,incremental.raw.changed.depth_10,8388608,4,108.271848,0.000001
2,incremental.raw.changed.depth_10,8388608,5,108.250845,0.000001
2,incremental.raw.changed.depth_10,8388608,6,108.279806,0.000001
2,incremental.raw.changed.depth_10,8388608,7,108.265397,0.000001
2,incremental.raw.changed.depth_10,8388608,8,103.301147,0.000001
2,incremental.raw.changed.depth_10,8388608,9,98.172421,0.000001
2,r1m.changed.depth_10,8388608,1,101.525529,4.000001
2,r1m.changed.depth_10,8388608,2,101.482414,4.000001
2,r1m.changed.depth_10,8388608,3,101.600051,4.000001
2,r1m.changed.depth_10,8388608,4,99.774354,4.000001
2,r1m.changed.depth_10,8388608,5,100.754733,4.000001
2,r1m.changed.depth_10,8388608,6,100.053313,4.000001
2,r1m.changed.depth_10,8388608,7,106.525789,4.000001
2,r1m.changed.depth_10,8388608,8,107.518673,4.000001
2,r1m.changed.depth_10,8388608,9,107.572788,4.000001
2,incremental.raw.changed.depth_100,524288,1,1017.082013,0.000019
2,incremental.raw.changed.depth_100,524288,2,994.104539,0.000019
2,incremental.raw.changed.depth_100,524288,3,997.606548,0.000019
2,incremental.raw.changed.depth_100,524288,4,992.599325,0.000019
2,incremental.raw.changed.depth_100,524288,5,990.781700,0.000019
2,incremental.raw.changed.depth_100,524288,6,990.499757,0.000019
2,incremental.raw.changed.depth_100,524288,7,989.446562,0.000019
2,incremental.raw.changed.depth_100,524288,8,990.161880,0.000019
2,incremental.raw.changed.depth_100,524288,9,989.994078,0.000019
2,r1m.changed.depth_100,1048576,1,900.069153,4.000010
2,r1m.changed.depth_100,1048576,2,900.465011,4.000010
2,r1m.changed.depth_100,1048576,3,900.030045,4.000010
2,r1m.changed.depth_100,1048576,4,898.987764,4.000010
2,r1m.changed.depth_100,1048576,5,901.634394,4.000010
2,r1m.changed.depth_100,1048576,6,902.404736,4.000010
2,r1m.changed.depth_100,1048576,7,901.311751,4.000010
2,r1m.changed.depth_100,1048576,8,901.820158,4.000010
2,r1m.changed.depth_100,1048576,9,901.655085,4.000010
2,incremental.raw.cutoff.depth_10,16777216,1,32.527623,0.000001
2,incremental.raw.cutoff.depth_10,16777216,2,31.120067,0.000001
2,incremental.raw.cutoff.depth_10,16777216,3,29.406422,0.000001
2,incremental.raw.cutoff.depth_10,16777216,4,29.393377,0.000001
2,incremental.raw.cutoff.depth_10,16777216,5,29.385447,0.000001
2,incremental.raw.cutoff.depth_10,16777216,6,29.796610,0.000001
2,incremental.raw.cutoff.depth_10,16777216,7,29.845182,0.000001
2,incremental.raw.cutoff.depth_10,16777216,8,29.808291,0.000001
2,incremental.raw.cutoff.depth_10,16777216,9,29.802919,0.000001
2,r1m.cutoff.depth_10,16777216,1,27.670865,4.000001
2,r1m.cutoff.depth_10,16777216,2,27.677473,4.000001
2,r1m.cutoff.depth_10,16777216,3,27.686653,4.000001
2,r1m.cutoff.depth_10,16777216,4,27.694043,4.000001
2,r1m.cutoff.depth_10,16777216,5,27.724994,4.000001
2,r1m.cutoff.depth_10,16777216,6,27.657748,4.000001
2,r1m.cutoff.depth_10,16777216,7,27.653286,4.000001
2,r1m.cutoff.depth_10,16777216,8,27.677359,4.000001
2,r1m.cutoff.depth_10,16777216,9,27.662935,4.000001
2,r1m.fan_in.diamond,8388608,1,78.463415,16.000001
2,r1m.fan_in.diamond,8388608,2,78.235985,16.000001
2,r1m.fan_in.diamond,8388608,3,77.685371,16.000001
2,r1m.fan_in.diamond,8388608,4,79.458346,16.000001
2,r1m.fan_in.diamond,8388608,5,82.652434,16.000001
2,r1m.fan_in.diamond,8388608,6,83.107125,16.000001
2,r1m.fan_in.diamond,8388608,7,84.200394,16.000001
2,r1m.fan_in.diamond,8388608,8,84.051862,16.000001
2,r1m.fan_in.diamond,8388608,9,79.199680,16.000001
2,r1m.failed_retry.depth_1,8388608,1,87.731621,8.000001
2,r1m.failed_retry.depth_1,8388608,2,87.082043,8.000001
2,r1m.failed_retry.depth_1,8388608,3,87.462070,8.000001
2,r1m.failed_retry.depth_1,8388608,4,87.948564,8.000001
2,r1m.failed_retry.depth_1,8388608,5,87.974911,8.000001
2,r1m.failed_retry.depth_1,8388608,6,87.485432,8.000001
2,r1m.failed_retry.depth_1,8388608,7,87.600597,8.000001
2,r1m.failed_retry.depth_1,8388608,8,87.744951,8.000001
2,r1m.failed_retry.depth_1,8388608,9,87.264425,8.000001
2,r1m.failed_retry.depth_10,2097152,1,272.850571,8.000005
2,r1m.failed_retry.depth_10,2097152,2,274.072704,8.000005
2,r1m.failed_retry.depth_10,2097152,3,274.345894,8.000005
2,r1m.failed_retry.depth_10,2097152,4,274.362037,8.000005
2,r1m.failed_retry.depth_10,2097152,5,274.213335,8.000005
2,r1m.failed_retry.depth_10,2097152,6,275.066441,8.000005
2,r1m.failed_retry.depth_10,2097152,7,275.615776,8.000005
2,r1m.failed_retry.depth_10,2097152,8,274.655804,8.000005
2,r1m.failed_retry.depth_10,2097152,9,274.490844,8.000005
2,r1m.failed_retry.depth_100,262144,1,1969.096957,8.000038
2,r1m.failed_retry.depth_100,262144,2,1968.262040,8.000038
2,r1m.failed_retry.depth_100,262144,3,1966.571290,8.000038
2,r1m.failed_retry.depth_100,262144,4,1971.634447,8.000038
2,r1m.failed_retry.depth_100,262144,5,1986.248208,8.000038
2,r1m.failed_retry.depth_100,262144,6,1987.091309,8.000038
2,r1m.failed_retry.depth_100,262144,7,1986.762982,8.000038
2,r1m.failed_retry.depth_100,262144,8,1985.015842,8.000038
2,r1m.failed_retry.depth_100,262144,9,1986.579264,8.000038
2,incremental.raw.changed.depth_1,16777216,1,33.791295,0.000001
2,incremental.raw.changed.depth_1,16777216,2,32.407584,0.000001
2,incremental.raw.changed.depth_1,16777216,3,31.483879,0.000001
2,incremental.raw.changed.depth_1,16777216,4,31.451052,0.000001
2,incremental.raw.changed.depth_1,16777216,5,31.438816,0.000001
2,incremental.raw.changed.depth_1,16777216,6,31.631828,0.000001
2,incremental.raw.changed.depth_1,16777216,7,31.458086,0.000001
2,incremental.raw.changed.depth_1,16777216,8,31.453851,0.000001
2,incremental.raw.changed.depth_1,16777216,9,31.471245,0.000001
2,r2m.changed.depth_1,16777216,1,32.073672,4.000001
2,r2m.changed.depth_1,16777216,2,32.113320,4.000001
2,r2m.changed.depth_1,16777216,3,32.118862,4.000001
2,r2m.changed.depth_1,16777216,4,32.119402,4.000001
2,r2m.changed.depth_1,16777216,5,32.134949,4.000001
2,r2m.changed.depth_1,16777216,6,32.109497,4.000001
2,r2m.changed.depth_1,16777216,7,32.091251,4.000001
2,r2m.changed.depth_1,16777216,8,32.081189,4.000001
2,r2m.changed.depth_1,16777216,9,32.103898,4.000001
2,incremental.raw.changed.depth_10,8388608,1,101.787549,0.000001
2,incremental.raw.changed.depth_10,8388608,2,103.139996,0.000001
2,incremental.raw.changed.depth_10,8388608,3,97.980376,0.000001
2,incremental.raw.changed.depth_10,8388608,4,97.994558,0.000001
2,incremental.raw.changed.depth_10,8388608,5,97.152480,0.000001
2,incremental.raw.changed.depth_10,8388608,6,99.863058,0.000001
2,incremental.raw.changed.depth_10,8388608,7,100.073322,0.000001
2,incremental.raw.changed.depth_10,8388608,8,101.194729,0.000001
2,incremental.raw.changed.depth_10,8388608,9,103.155145,0.000001
2,r2m.changed.depth_10,8388608,1,108.612397,4.000001
2,r2m.changed.depth_10,8388608,2,108.850600,4.000001
2,r2m.changed.depth_10,8388608,3,109.270331,4.000001
2,r2m.changed.depth_10,8388608,4,108.913071,4.000001
2,r2m.changed.depth_10,8388608,5,108.890561,4.000001
2,r2m.changed.depth_10,8388608,6,108.938224,4.000001
2,r2m.changed.depth_10,8388608,7,108.723299,4.000001
2,r2m.changed.depth_10,8388608,8,109.375122,4.000001
2,r2m.changed.depth_10,8388608,9,107.707365,4.000001
2,incremental.raw.changed.depth_100,524288,1,1004.024398,0.000019
2,incremental.raw.changed.depth_100,524288,2,993.232788,0.000019
2,incremental.raw.changed.depth_100,524288,3,993.348749,0.000019
2,incremental.raw.changed.depth_100,524288,4,996.740255,0.000019
2,incremental.raw.changed.depth_100,524288,5,996.918061,0.000019
2,incremental.raw.changed.depth_100,524288,6,994.135007,0.000019
2,incremental.raw.changed.depth_100,524288,7,998.224550,0.000019
2,incremental.raw.changed.depth_100,524288,8,995.813025,0.000019
2,incremental.raw.changed.depth_100,524288,9,992.034984,0.000019
2,r2m.changed.depth_100,1048576,1,910.936251,4.000010
2,r2m.changed.depth_100,1048576,2,913.603571,4.000010
2,r2m.changed.depth_100,1048576,3,892.542857,4.000010
2,r2m.changed.depth_100,1048576,4,908.929906,4.000010
2,r2m.changed.depth_100,1048576,5,918.574415,4.000010
2,r2m.changed.depth_100,1048576,6,902.252168,4.000010
2,r2m.changed.depth_100,1048576,7,911.802317,4.000010
2,r2m.changed.depth_100,1048576,8,867.843710,4.000010
2,r2m.changed.depth_100,1048576,9,885.365353,4.000010
2,incremental.raw.cutoff.depth_10,16777216,1,32.533293,0.000001
2,incremental.raw.cutoff.depth_10,16777216,2,32.529599,0.000001
2,incremental.raw.cutoff.depth_10,16777216,3,32.552606,0.000001
2,incremental.raw.cutoff.depth_10,16777216,4,32.399711,0.000001
2,incremental.raw.cutoff.depth_10,16777216,5,32.387618,0.000001
2,incremental.raw.cutoff.depth_10,16777216,6,32.013247,0.000001
2,incremental.raw.cutoff.depth_10,16777216,7,29.678233,0.000001
2,incremental.raw.cutoff.depth_10,16777216,8,29.574210,0.000001
2,incremental.raw.cutoff.depth_10,16777216,9,29.568795,0.000001
2,r2m.cutoff.depth_10,16777216,1,29.347945,4.000001
2,r2m.cutoff.depth_10,16777216,2,29.322564,4.000001
2,r2m.cutoff.depth_10,16777216,3,29.406138,4.000001
2,r2m.cutoff.depth_10,16777216,4,29.266474,4.000001
2,r2m.cutoff.depth_10,16777216,5,29.367030,4.000001
2,r2m.cutoff.depth_10,16777216,6,29.602575,4.000001
2,r2m.cutoff.depth_10,16777216,7,29.439562,4.000001
2,r2m.cutoff.depth_10,16777216,8,29.328277,4.000001
2,r2m.cutoff.depth_10,16777216,9,29.318400,4.000001
2,r2m.fan_in.diamond,8388608,1,82.027555,16.000001
2,r2m.fan_in.diamond,8388608,2,81.735493,16.000001
2,r2m.fan_in.diamond,8388608,3,81.700790,16.000001
2,r2m.fan_in.diamond,8388608,4,82.091702,16.000001
2,r2m.fan_in.diamond,8388608,5,84.922902,16.000001
2,r2m.fan_in.diamond,8388608,6,85.276127,16.000001
2,r2m.fan_in.diamond,8388608,7,85.315463,16.000001
2,r2m.fan_in.diamond,8388608,8,85.479257,16.000001
2,r2m.fan_in.diamond,8388608,9,85.046054,16.000001
2,r2m.failed_retry.depth_1,8388608,1,88.846804,8.000001
2,r2m.failed_retry.depth_1,8388608,2,91.182699,8.000001
2,r2m.failed_retry.depth_1,8388608,3,91.207255,8.000001
2,r2m.failed_retry.depth_1,8388608,4,87.365265,8.000001
2,r2m.failed_retry.depth_1,8388608,5,84.109303,8.000001
2,r2m.failed_retry.depth_1,8388608,6,83.233971,8.000001
2,r2m.failed_retry.depth_1,8388608,7,83.975920,8.000001
2,r2m.failed_retry.depth_1,8388608,8,83.980325,8.000001
2,r2m.failed_retry.depth_1,8388608,9,83.983792,8.000001
2,r2m.failed_retry.depth_10,2097152,1,254.076440,8.000005
2,r2m.failed_retry.depth_10,2097152,2,254.164206,8.000005
2,r2m.failed_retry.depth_10,2097152,3,253.626808,8.000005
2,r2m.failed_retry.depth_10,2097152,4,254.268571,8.000005
2,r2m.failed_retry.depth_10,2097152,5,253.940129,8.000005
2,r2m.failed_retry.depth_10,2097152,6,250.877861,8.000005
2,r2m.failed_retry.depth_10,2097152,7,246.486252,8.000005
2,r2m.failed_retry.depth_10,2097152,8,248.080710,8.000005
2,r2m.failed_retry.depth_10,2097152,9,247.276830,8.000005
2,r2m.failed_retry.depth_100,262144,1,1853.496542,8.000038
2,r2m.failed_retry.depth_100,262144,2,1804.797648,8.000038
2,r2m.failed_retry.depth_100,262144,3,1846.206942,8.000038
2,r2m.failed_retry.depth_100,262144,4,1858.516953,8.000038
2,r2m.failed_retry.depth_100,262144,5,1859.611075,8.000038
2,r2m.failed_retry.depth_100,262144,6,1852.333298,8.000038
2,r2m.failed_retry.depth_100,262144,7,1843.181053,8.000038
2,r2m.failed_retry.depth_100,262144,8,1849.231012,8.000038
2,r2m.failed_retry.depth_100,262144,9,1853.512003,8.000038
2,incremental.raw.changed.depth_10,8388608,1,102.970262,0.000001
2,incremental.raw.changed.depth_10,8388608,2,103.605373,0.000001
2,incremental.raw.changed.depth_10,8388608,3,102.520829,0.000001
2,incremental.raw.changed.depth_10,8388608,4,98.535537,0.000001
2,incremental.raw.changed.depth_10,8388608,5,99.994907,0.000001
2,incremental.raw.changed.depth_10,8388608,6,100.030178,0.000001
2,incremental.raw.changed.depth_10,8388608,7,99.964154,0.000001
2,incremental.raw.changed.depth_10,8388608,8,98.820578,0.000001
2,incremental.raw.changed.depth_10,8388608,9,97.257868,0.000001
2,r1w.changed.depth_10,4194304,1,110.008671,4.000002
2,r1w.changed.depth_10,4194304,2,107.866754,4.000002
2,r1w.changed.depth_10,4194304,3,108.533413,4.000002
2,r1w.changed.depth_10,4194304,4,109.204052,4.000002
2,r1w.changed.depth_10,4194304,5,109.226505,4.000002
2,r1w.changed.depth_10,4194304,6,109.257940,4.000002
2,r1w.changed.depth_10,4194304,7,109.165228,4.000002
2,r1w.changed.depth_10,4194304,8,109.329221,4.000002
2,r1w.changed.depth_10,4194304,9,109.892824,4.000002
2,incremental.raw.changed.depth_10,8388608,1,108.977190,0.000001
2,incremental.raw.changed.depth_10,8388608,2,108.990434,0.000001
2,incremental.raw.changed.depth_10,8388608,3,108.910058,0.000001
2,incremental.raw.changed.depth_10,8388608,4,108.993163,0.000001
2,incremental.raw.changed.depth_10,8388608,5,109.050745,0.000001
2,incremental.raw.changed.depth_10,8388608,6,109.005697,0.000001
2,incremental.raw.changed.depth_10,8388608,7,95.859889,0.000001
2,incremental.raw.changed.depth_10,8388608,8,97.568631,0.000001
2,incremental.raw.changed.depth_10,8388608,9,97.525600,0.000001
2,r1a.changed.depth_10,8388608,1,104.991898,4.000001
2,r1a.changed.depth_10,8388608,2,105.977165,4.000001
2,r1a.changed.depth_10,8388608,3,99.308380,4.000001
2,r1a.changed.depth_10,8388608,4,99.130261,4.000001
2,r1a.changed.depth_10,8388608,5,99.156978,4.000001
2,r1a.changed.depth_10,8388608,6,99.886194,4.000001
2,r1a.changed.depth_10,8388608,7,99.791890,4.000001
2,r1a.changed.depth_10,8388608,8,98.985311,4.000001
2,r1a.changed.depth_10,8388608,9,99.141602,4.000001
2,incremental.raw.changed.depth_100,524288,1,1065.496235,0.000019
2,incremental.raw.changed.depth_100,524288,2,1066.116511,0.000019
2,incremental.raw.changed.depth_100,524288,3,1066.430741,0.000019
2,incremental.raw.changed.depth_100,524288,4,1066.202003,0.000019
2,incremental.raw.changed.depth_100,524288,5,1067.033736,0.000019
2,incremental.raw.changed.depth_100,524288,6,1066.400273,0.000019
2,incremental.raw.changed.depth_100,524288,7,1004.659680,0.000019
2,incremental.raw.changed.depth_100,524288,8,990.312856,0.000019
2,incremental.raw.changed.depth_100,524288,9,990.169156,0.000019
2,r1a.changed.depth_100,1048576,1,883.629809,4.000010
2,r1a.changed.depth_100,1048576,2,882.967925,4.000010
2,r1a.changed.depth_100,1048576,3,894.334789,4.000010
2,r1a.changed.depth_100,1048576,4,882.700078,4.000010
2,r1a.changed.depth_100,1048576,5,889.173407,4.000010
2,r1a.changed.depth_100,1048576,6,896.512120,4.000010
2,r1a.changed.depth_100,1048576,7,886.734142,4.000010
2,r1a.changed.depth_100,1048576,8,896.851361,4.000010
2,r1a.changed.depth_100,1048576,9,900.254236,4.000010
2,incremental.raw.changed.depth_1,16777216,1,33.786833,0.000001
2,incremental.raw.changed.depth_1,16777216,2,33.787316,0.000001
2,incremental.raw.changed.depth_1,16777216,3,33.819020,0.000001
2,incremental.raw.changed.depth_1,16777216,4,33.790116,0.000001
2,incremental.raw.changed.depth_1,16777216,5,33.782783,0.000001
2,incremental.raw.changed.depth_1,16777216,6,33.809911,0.000001
2,incremental.raw.changed.depth_1,16777216,7,33.799466,0.000001
2,incremental.raw.changed.depth_1,16777216,8,34.022037,0.000001
2,incremental.raw.changed.depth_1,16777216,9,33.848892,0.000001
2,r1n.changed.depth_1,16777216,1,25.486827,4.000001
2,r1n.changed.depth_1,16777216,2,25.491232,4.000001
2,r1n.changed.depth_1,16777216,3,25.489982,4.000001
2,r1n.changed.depth_1,16777216,4,25.477178,4.000001
2,r1n.changed.depth_1,16777216,5,25.483374,4.000001
2,r1n.changed.depth_1,16777216,6,25.476339,4.000001
2,r1n.changed.depth_1,16777216,7,25.503752,4.000001
2,r1n.changed.depth_1,16777216,8,25.402485,4.000001
2,r1n.changed.depth_1,16777216,9,25.402969,4.000001
2,incremental.raw.changed.depth_10,8388608,1,105.749479,0.000001
2,incremental.raw.changed.depth_10,8388608,2,105.682375,0.000001
2,incremental.raw.changed.depth_10,8388608,3,105.408787,0.000001
2,incremental.raw.changed.depth_10,8388608,4,105.142249,0.000001
2,incremental.raw.changed.depth_10,8388608,5,105.124485,0.000001
2,incremental.raw.changed.depth_10,8388608,6,105.100980,0.000001
2,incremental.raw.changed.depth_10,8388608,7,105.099559,0.000001
2,incremental.raw.changed.depth_10,8388608,8,105.101122,0.000001
2,incremental.raw.changed.depth_10,8388608,9,104.674228,0.000001
2,r1n.changed.depth_10,16777216,1,58.376671,4.000001
2,r1n.changed.depth_10,16777216,2,58.438175,4.000001
2,r1n.changed.depth_10,16777216,3,58.449984,4.000001
2,r1n.changed.depth_10,16777216,4,58.486108,4.000001
2,r1n.changed.depth_10,16777216,5,58.436626,4.000001
2,r1n.changed.depth_10,16777216,6,58.417982,4.000001
2,r1n.changed.depth_10,16777216,7,58.400389,4.000001
2,r1n.changed.depth_10,16777216,8,58.456592,4.000001
2,r1n.changed.depth_10,16777216,9,58.471727,4.000001
2,incremental.raw.changed.depth_100,524288,1,1014.318514,0.000019
2,incremental.raw.changed.depth_100,524288,2,1014.064765,0.000019
2,incremental.raw.changed.depth_100,524288,3,1014.854206,0.000019
2,incremental.raw.changed.depth_100,524288,4,1013.082510,0.000019
2,incremental.raw.changed.depth_100,524288,5,1012.556368,0.000019
2,incremental.raw.changed.depth_100,524288,6,1011.665518,0.000019
2,incremental.raw.changed.depth_100,524288,7,990.031822,0.000019
2,incremental.raw.changed.depth_100,524288,8,988.950433,0.000019
2,incremental.raw.changed.depth_100,524288,9,989.145065,0.000019
2,r1n.changed.depth_100,1048576,1,578.412937,4.000010
2,r1n.changed.depth_100,1048576,2,562.833748,4.000010
2,r1n.changed.depth_100,1048576,3,543.624992,4.000010
2,r1n.changed.depth_100,1048576,4,543.230954,4.000010
2,r1n.changed.depth_100,1048576,5,544.031082,4.000010
2,r1n.changed.depth_100,1048576,6,547.883019,4.000010
2,r1n.changed.depth_100,1048576,7,542.460384,4.000010
2,r1n.changed.depth_100,1048576,8,543.067927,4.000010
2,r1n.changed.depth_100,1048576,9,544.079739,4.000010
2,incremental.raw.cutoff.depth_10,16777216,1,31.396681,0.000001
2,incremental.raw.cutoff.depth_10,16777216,2,31.385184,0.000001
2,incremental.raw.cutoff.depth_10,16777216,3,31.387515,0.000001
2,incremental.raw.cutoff.depth_10,16777216,4,31.387572,0.000001
2,incremental.raw.cutoff.depth_10,16777216,5,31.387927,0.000001
2,incremental.raw.cutoff.depth_10,16777216,6,31.381177,0.000001
2,incremental.raw.cutoff.depth_10,16777216,7,31.431796,0.000001
2,incremental.raw.cutoff.depth_10,16777216,8,31.772544,0.000001
2,incremental.raw.cutoff.depth_10,16777216,9,31.761459,0.000001
2,r1n.cutoff.depth_10,16777216,1,25.418402,4.000001
2,r1n.cutoff.depth_10,16777216,2,25.411182,4.000001
2,r1n.cutoff.depth_10,16777216,3,25.413215,4.000001
2,r1n.cutoff.depth_10,16777216,4,25.405171,4.000001
2,r1n.cutoff.depth_10,16777216,5,25.379649,4.000001
2,r1n.cutoff.depth_10,16777216,6,25.381155,4.000001
2,r1n.cutoff.depth_10,16777216,7,25.405157,4.000001
2,r1n.cutoff.depth_10,16777216,8,25.400524,4.000001
2,r1n.cutoff.depth_10,16777216,9,25.391927,4.000001
2,incremental.raw.changed.depth_1,16777216,1,33.618448,0.000001
2,incremental.raw.changed.depth_1,16777216,2,33.623394,0.000001
2,incremental.raw.changed.depth_1,16777216,3,33.606824,0.000001
2,incremental.raw.changed.depth_1,16777216,4,33.610590,0.000001
2,incremental.raw.changed.depth_1,16777216,5,33.624360,0.000001
2,incremental.raw.changed.depth_1,16777216,6,33.615891,0.000001
2,incremental.raw.changed.depth_1,16777216,7,33.609396,0.000001
2,incremental.raw.changed.depth_1,16777216,8,32.775759,0.000001
2,incremental.raw.changed.depth_1,16777216,9,31.453666,0.000001
2,r1i.changed.depth_1,16777216,1,24.366372,4.000001
2,r1i.changed.depth_1,16777216,2,24.382828,4.000001
2,r1i.changed.depth_1,16777216,3,24.375623,4.000001
2,r1i.changed.depth_1,16777216,4,24.363814,4.000001
2,r1i.changed.depth_1,16777216,5,24.382601,4.000001
2,r1i.changed.depth_1,16777216,6,24.385457,4.000001
2,r1i.changed.depth_1,16777216,7,24.392193,4.000001
2,r1i.changed.depth_1,16777216,8,24.400947,4.000001
2,r1i.changed.depth_1,16777216,9,24.375979,4.000001
2,incremental.raw.changed.depth_10,8388608,1,102.586512,0.000001
2,incremental.raw.changed.depth_10,8388608,2,102.672232,0.000001
2,incremental.raw.changed.depth_10,8388608,3,102.745531,0.000001
2,incremental.raw.changed.depth_10,8388608,4,102.670072,0.000001
2,incremental.raw.changed.depth_10,8388608,5,99.153652,0.000001
2,incremental.raw.changed.depth_10,8388608,6,97.261307,0.000001
2,incremental.raw.changed.depth_10,8388608,7,97.184881,0.000001
2,incremental.raw.changed.depth_10,8388608,8,98.172166,0.000001
2,incremental.raw.changed.depth_10,8388608,9,98.145847,0.000001
2,r1i.changed.depth_10,8388608,1,69.421418,4.000001
2,r1i.changed.depth_10,8388608,2,69.443701,4.000001
2,r1i.changed.depth_10,8388608,3,69.478517,4.000001
2,r1i.changed.depth_10,8388608,4,69.464335,4.000001
2,r1i.changed.depth_10,8388608,5,69.469081,4.000001
2,r1i.changed.depth_10,8388608,6,69.485907,4.000001
2,r1i.changed.depth_10,8388608,7,69.464789,4.000001
2,r1i.changed.depth_10,8388608,8,69.458849,4.000001
2,r1i.changed.depth_10,8388608,9,69.522969,4.000001
2,incremental.raw.changed.depth_100,524288,1,1015.127509,0.000019
2,incremental.raw.changed.depth_100,524288,2,1013.688689,0.000019
2,incremental.raw.changed.depth_100,524288,3,1013.660494,0.000019
2,incremental.raw.changed.depth_100,524288,4,1013.690962,0.000019
2,incremental.raw.changed.depth_100,524288,5,1014.408099,0.000019
2,incremental.raw.changed.depth_100,524288,6,1013.702331,0.000019
2,incremental.raw.changed.depth_100,524288,7,1013.101610,0.000019
2,incremental.raw.changed.depth_100,524288,8,1014.951522,0.000019
2,incremental.raw.changed.depth_100,524288,9,1014.301233,0.000019
2,r1i.changed.depth_100,1048576,1,693.250740,4.000010
2,r1i.changed.depth_100,1048576,2,701.914814,4.000010
2,r1i.changed.depth_100,1048576,3,700.005558,4.000010
2,r1i.changed.depth_100,1048576,4,696.935786,4.000010
2,r1i.changed.depth_100,1048576,5,700.596047,4.000010
2,r1i.changed.depth_100,1048576,6,692.140475,4.000010
2,r1i.changed.depth_100,1048576,7,691.986088,4.000010
2,r1i.changed.depth_100,1048576,8,707.763775,4.000010
2,r1i.changed.depth_100,1048576,9,706.396122,4.000010
2,incremental.raw.cutoff.depth_10,16777216,1,32.454366,0.000001
2,incremental.raw.cutoff.depth_10,16777216,2,30.245772,0.000001
2,incremental.raw.cutoff.depth_10,16777216,3,29.493563,0.000001
2,incremental.raw.cutoff.depth_10,16777216,4,29.725314,0.000001
2,incremental.raw.cutoff.depth_10,16777216,5,29.757501,0.000001
2,incremental.raw.cutoff.depth_10,16777216,6,29.755228,0.000001
2,incremental.raw.cutoff.depth_10,16777216,7,29.769055,0.000001
2,incremental.raw.cutoff.depth_10,16777216,8,29.760713,0.000001
2,incremental.raw.cutoff.depth_10,16777216,9,29.760955,0.000001
2,r1i.cutoff.depth_10,16777216,1,22.815229,4.000001
2,r1i.cutoff.depth_10,16777216,2,22.826185,4.000001
2,r1i.cutoff.depth_10,16777216,3,22.823869,4.000001
2,r1i.cutoff.depth_10,16777216,4,22.853087,4.000001
2,r1i.cutoff.depth_10,16777216,5,22.837710,4.000001
2,r1i.cutoff.depth_10,16777216,6,22.844318,4.000001
2,r1i.cutoff.depth_10,16777216,7,22.838535,4.000001
2,r1i.cutoff.depth_10,16777216,8,22.842045,4.000001
2,r1i.cutoff.depth_10,16777216,9,22.828885,4.000001
2,r1i.fan_in.diamond,8388608,1,71.127658,16.000001
2,r1i.fan_in.diamond,8388608,2,70.733762,16.000001
2,r1i.fan_in.diamond,8388608,3,70.761558,16.000001
2,r1i.fan_in.diamond,8388608,4,70.857993,16.000001
2,r1i.fan_in.diamond,8388608,5,70.886841,16.000001
2,r1i.fan_in.diamond,8388608,6,70.885534,16.000001
2,r1i.fan_in.diamond,8388608,7,70.888518,16.000001
2,r1i.fan_in.diamond,8388608,8,70.948602,16.000001
2,r1i.fan_in.diamond,8388608,9,70.513380,16.000001
2,r1i.failed_retry.depth_1,8388608,1,73.530686,8.000001
2,r1i.failed_retry.depth_1,8388608,2,73.722219,8.000001
2,r1i.failed_retry.depth_1,8388608,3,74.090480,8.000001
2,r1i.failed_retry.depth_1,8388608,4,74.009051,8.000001
2,r1i.failed_retry.depth_1,8388608,5,73.965907,8.000001
2,r1i.failed_retry.depth_1,8388608,6,74.066520,8.000001
2,r1i.failed_retry.depth_1,8388608,7,74.022523,8.000001
2,r1i.failed_retry.depth_1,8388608,8,74.095738,8.000001
2,r1i.failed_retry.depth_1,8388608,9,73.756695,8.000001
2,r1i.failed_retry.depth_10,4194304,1,221.085827,8.000002
2,r1i.failed_retry.depth_10,4194304,2,219.468347,8.000002
2,r1i.failed_retry.depth_10,4194304,3,221.987932,8.000002
2,r1i.failed_retry.depth_10,4194304,4,223.151403,8.000002
2,r1i.failed_retry.depth_10,4194304,5,222.409994,8.000002
2,r1i.failed_retry.depth_10,4194304,6,222.966662,8.000002
2,r1i.failed_retry.depth_10,4194304,7,220.239883,8.000002
2,r1i.failed_retry.depth_10,4194304,8,216.086619,8.000002
2,r1i.failed_retry.depth_10,4194304,9,213.006729,8.000002
2,r1i.failed_retry.depth_100,524288,1,1670.923211,8.000019
2,r1i.failed_retry.depth_100,524288,2,1671.146492,8.000019
2,r1i.failed_retry.depth_100,524288,3,1669.262019,8.000019
2,r1i.failed_retry.depth_100,524288,4,1673.275165,8.000019
2,r1i.failed_retry.depth_100,524288,5,1674.043688,8.000019
2,r1i.failed_retry.depth_100,524288,6,1672.429789,8.000019
2,r1i.failed_retry.depth_100,524288,7,1667.156539,8.000019
2,r1i.failed_retry.depth_100,524288,8,1672.367034,8.000019
2,r1i.failed_retry.depth_100,524288,9,1677.120054,8.000019
2,incremental.raw.changed.depth_1,16777216,1,33.088909,0.000001
2,incremental.raw.changed.depth_1,16777216,2,33.059479,0.000001
2,incremental.raw.changed.depth_1,16777216,3,33.069497,0.000001
2,incremental.raw.changed.depth_1,16777216,4,31.928124,0.000001
2,incremental.raw.changed.depth_1,16777216,5,31.437096,0.000001
2,incremental.raw.changed.depth_1,16777216,6,31.427263,0.000001
2,incremental.raw.changed.depth_1,16777216,7,31.419162,0.000001
2,incremental.raw.changed.depth_1,16777216,8,31.401399,0.000001
2,incremental.raw.changed.depth_1,16777216,9,31.450924,0.000001
2,r06.changed.depth_1,16777216,1,18.778564,4.000001
2,r06.changed.depth_1,16777216,2,18.744117,4.000001
2,r06.changed.depth_1,16777216,3,18.733857,4.000001
2,r06.changed.depth_1,16777216,4,18.736060,4.000001
2,r06.changed.depth_1,16777216,5,18.746803,4.000001
2,r06.changed.depth_1,16777216,6,18.757277,4.000001
2,r06.changed.depth_1,16777216,7,18.754179,4.000001
2,r06.changed.depth_1,16777216,8,18.721707,4.000001
2,r06.changed.depth_1,16777216,9,18.711688,4.000001
2,incremental.raw.changed.depth_10,8388608,1,104.787688,0.000001
2,incremental.raw.changed.depth_10,8388608,2,104.092123,0.000001
2,incremental.raw.changed.depth_10,8388608,3,102.503179,0.000001
2,incremental.raw.changed.depth_10,8388608,4,96.384412,0.000001
2,incremental.raw.changed.depth_10,8388608,5,97.529636,0.000001
2,incremental.raw.changed.depth_10,8388608,6,97.486975,0.000001
2,incremental.raw.changed.depth_10,8388608,7,97.525941,0.000001
2,incremental.raw.changed.depth_10,8388608,8,97.920065,0.000001
2,incremental.raw.changed.depth_10,8388608,9,97.409355,0.000001
2,r06.changed.depth_10,16777216,1,52.360122,4.000001
2,r06.changed.depth_10,16777216,2,52.326257,4.000001
2,r06.changed.depth_10,16777216,3,52.354451,4.000001
2,r06.changed.depth_10,16777216,4,52.359155,4.000001
2,r06.changed.depth_10,16777216,5,52.325134,4.000001
2,r06.changed.depth_10,16777216,6,52.350572,4.000001
2,r06.changed.depth_10,16777216,7,52.282758,4.000001
2,r06.changed.depth_10,16777216,8,52.269158,4.000001
2,r06.changed.depth_10,16777216,9,52.331089,4.000001
2,incremental.raw.changed.depth_100,524288,1,1073.129624,0.000019
2,incremental.raw.changed.depth_100,524288,2,1073.923158,0.000019
2,incremental.raw.changed.depth_100,524288,3,990.941771,0.000019
2,incremental.raw.changed.depth_100,524288,4,991.634352,0.000019
2,incremental.raw.changed.depth_100,524288,5,988.958618,0.000019
2,incremental.raw.changed.depth_100,524288,6,988.899046,0.000019
2,incremental.raw.changed.depth_100,524288,7,991.376965,0.000019
2,incremental.raw.changed.depth_100,524288,8,989.835371,0.000019
2,incremental.raw.changed.depth_100,524288,9,989.524779,0.000019
2,r06.changed.depth_100,1048576,1,517.540911,4.000010
2,r06.changed.depth_100,1048576,2,518.692104,4.000010
2,r06.changed.depth_100,1048576,3,517.351282,4.000010
2,r06.changed.depth_100,1048576,4,517.491344,4.000010
2,r06.changed.depth_100,1048576,5,517.198714,4.000010
2,r06.changed.depth_100,1048576,6,518.332399,4.000010
2,r06.changed.depth_100,1048576,7,518.302841,4.000010
2,r06.changed.depth_100,1048576,8,518.068191,4.000010
2,r06.changed.depth_100,1048576,9,518.708248,4.000010
2,incremental.raw.cutoff.depth_10,16777216,1,32.470822,0.000001
2,incremental.raw.cutoff.depth_10,16777216,2,32.473096,0.000001
2,incremental.raw.cutoff.depth_10,16777216,3,29.824150,0.000001
2,incremental.raw.cutoff.depth_10,16777216,4,29.766440,0.000001
2,incremental.raw.cutoff.depth_10,16777216,5,29.793966,0.000001
2,incremental.raw.cutoff.depth_10,16777216,6,29.790755,0.000001
2,incremental.raw.cutoff.depth_10,16777216,7,29.814245,0.000001
2,incremental.raw.cutoff.depth_10,16777216,8,29.786463,0.000001
2,incremental.raw.cutoff.depth_10,16777216,9,29.799935,0.000001
2,r06.cutoff.depth_10,16777216,1,19.175957,4.000001
2,r06.cutoff.depth_10,16777216,2,19.181968,4.000001
2,r06.cutoff.depth_10,16777216,3,19.134589,4.000001
2,r06.cutoff.depth_10,16777216,4,18.783382,4.000001
2,r06.cutoff.depth_10,16777216,5,18.769029,4.000001
2,r06.cutoff.depth_10,16777216,6,18.772354,4.000001
2,r06.cutoff.depth_10,16777216,7,18.778806,4.000001
2,r06.cutoff.depth_10,16777216,8,18.780540,4.000001
2,r06.cutoff.depth_10,16777216,9,18.745780,4.000001
3,incremental.raw.changed.depth_1,16777216,1,33.591860,0.000001
3,incremental.raw.changed.depth_1,16777216,2,33.600926,0.000001
3,incremental.raw.changed.depth_1,16777216,3,33.629476,0.000001
3,incremental.raw.changed.depth_1,16777216,4,33.595981,0.000001
3,incremental.raw.changed.depth_1,16777216,5,33.608146,0.000001
3,incremental.raw.changed.depth_1,16777216,6,33.581387,0.000001
3,incremental.raw.changed.depth_1,16777216,7,33.607776,0.000001
3,incremental.raw.changed.depth_1,16777216,8,33.584655,0.000001
3,incremental.raw.changed.depth_1,16777216,9,32.449236,0.000001
3,r1.changed.depth_1,16777216,1,34.434620,4.000001
3,r1.changed.depth_1,16777216,2,34.404223,4.000001
3,r1.changed.depth_1,16777216,3,34.437420,4.000001
3,r1.changed.depth_1,16777216,4,34.442010,4.000001
3,r1.changed.depth_1,16777216,5,34.418875,4.000001
3,r1.changed.depth_1,16777216,6,34.627860,4.000001
3,r1.changed.depth_1,16777216,7,34.307476,4.000001
3,r1.changed.depth_1,16777216,8,34.267245,4.000001
3,r1.changed.depth_1,16777216,9,34.248288,4.000001
3,incremental.raw.changed.depth_10,8388608,1,106.900927,0.000001
3,incremental.raw.changed.depth_10,8388608,2,107.320915,0.000001
3,incremental.raw.changed.depth_10,8388608,3,102.045419,0.000001
3,incremental.raw.changed.depth_10,8388608,4,97.282879,0.000001
3,incremental.raw.changed.depth_10,8388608,5,95.523376,0.000001
3,incremental.raw.changed.depth_10,8388608,6,97.005483,0.000001
3,incremental.raw.changed.depth_10,8388608,7,96.611501,0.000001
3,incremental.raw.changed.depth_10,8388608,8,96.899385,0.000001
3,incremental.raw.changed.depth_10,8388608,9,100.762605,0.000001
3,r1.changed.depth_10,4194304,1,137.194888,4.000002
3,r1.changed.depth_10,4194304,2,137.313862,4.000002
3,r1.changed.depth_10,4194304,3,126.426471,4.000002
3,r1.changed.depth_10,4194304,4,121.822154,4.000002
3,r1.changed.depth_10,4194304,5,121.726998,4.000002
3,r1.changed.depth_10,4194304,6,127.024123,4.000002
3,r1.changed.depth_10,4194304,7,128.484714,4.000002
3,r1.changed.depth_10,4194304,8,128.472323,4.000002
3,r1.changed.depth_10,4194304,9,128.598685,4.000002
3,incremental.raw.changed.depth_100,524288,1,1073.995463,0.000019
3,incremental.raw.changed.depth_100,524288,2,1029.880423,0.000019
3,incremental.raw.changed.depth_100,524288,3,987.787189,0.000019
3,incremental.raw.changed.depth_100,524288,4,987.381100,0.000019
3,incremental.raw.changed.depth_100,524288,5,988.403372,0.000019
3,incremental.raw.changed.depth_100,524288,6,987.693966,0.000019
3,incremental.raw.changed.depth_100,524288,7,988.712600,0.000019
3,incremental.raw.changed.depth_100,524288,8,988.376996,0.000019
3,incremental.raw.changed.depth_100,524288,9,987.401563,0.000019
3,r1.changed.depth_100,524288,1,1124.870323,4.000019
3,r1.changed.depth_100,524288,2,1122.812137,4.000019
3,r1.changed.depth_100,524288,3,1093.549599,4.000019
3,r1.changed.depth_100,524288,4,1093.642823,4.000019
3,r1.changed.depth_100,524288,5,1092.092589,4.000019
3,r1.changed.depth_100,524288,6,1096.515462,4.000019
3,r1.changed.depth_100,524288,7,1093.715582,4.000019
3,r1.changed.depth_100,524288,8,1092.029379,4.000019
3,r1.changed.depth_100,524288,9,1094.840627,4.000019
3,incremental.raw.cutoff.depth_10,16777216,1,29.468410,0.000001
3,incremental.raw.cutoff.depth_10,16777216,2,29.463891,0.000001
3,incremental.raw.cutoff.depth_10,16777216,3,29.475402,0.000001
3,incremental.raw.cutoff.depth_10,16777216,4,29.462100,0.000001
3,incremental.raw.cutoff.depth_10,16777216,5,29.451840,0.000001
3,incremental.raw.cutoff.depth_10,16777216,6,29.391344,0.000001
3,incremental.raw.cutoff.depth_10,16777216,7,29.330607,0.000001
3,incremental.raw.cutoff.depth_10,16777216,8,29.494402,0.000001
3,incremental.raw.cutoff.depth_10,16777216,9,29.367570,0.000001
3,r1.cutoff.depth_10,16777216,1,30.485282,4.000001
3,r1.cutoff.depth_10,16777216,2,29.989479,4.000001
3,r1.cutoff.depth_10,16777216,3,29.597103,4.000001
3,r1.cutoff.depth_10,16777216,4,29.576839,4.000001
3,r1.cutoff.depth_10,16777216,5,29.582381,4.000001
3,r1.cutoff.depth_10,16777216,6,29.541013,4.000001
3,r1.cutoff.depth_10,16777216,7,29.572007,4.000001
3,r1.cutoff.depth_10,16777216,8,29.547863,4.000001
3,r1.cutoff.depth_10,16777216,9,29.557356,4.000001
3,r1.fan_in.diamond,8388608,1,95.402811,16.000001
3,r1.fan_in.diamond,8388608,2,95.446580,16.000001
3,r1.fan_in.diamond,8388608,3,90.771096,16.000001
3,r1.fan_in.diamond,8388608,4,90.744606,16.000001
3,r1.fan_in.diamond,8388608,5,94.858166,16.000001
3,r1.fan_in.diamond,8388608,6,95.676427,16.000001
3,r1.fan_in.diamond,8388608,7,96.402289,16.000001
3,r1.fan_in.diamond,8388608,8,96.420393,16.000001
3,r1.fan_in.diamond,8388608,9,92.583917,16.000001
3,incremental.raw.changed.depth_1,16777216,1,32.540498,0.000001
3,incremental.raw.changed.depth_1,16777216,2,32.526074,0.000001
3,incremental.raw.changed.depth_1,16777216,3,32.555107,0.000001
3,incremental.raw.changed.depth_1,16777216,4,32.544492,0.000001
3,incremental.raw.changed.depth_1,16777216,5,32.529229,0.000001
3,incremental.raw.changed.depth_1,16777216,6,32.527268,0.000001
3,incremental.raw.changed.depth_1,16777216,7,32.573467,0.000001
3,incremental.raw.changed.depth_1,16777216,8,32.550631,0.000001
3,incremental.raw.changed.depth_1,16777216,9,32.533890,0.000001
3,r2.changed.depth_1,16777216,1,33.931201,4.000001
3,r2.changed.depth_1,16777216,2,33.924408,4.000001
3,r2.changed.depth_1,16777216,3,33.885840,4.000001
3,r2.changed.depth_1,16777216,4,33.892633,4.000001
3,r2.changed.depth_1,16777216,5,33.904129,4.000001
3,r2.changed.depth_1,16777216,6,33.932565,4.000001
3,r2.changed.depth_1,16777216,7,33.888099,4.000001
3,r2.changed.depth_1,16777216,8,33.884476,4.000001
3,r2.changed.depth_1,16777216,9,33.928572,4.000001
3,incremental.raw.changed.depth_10,8388608,1,104.644442,0.000001
3,incremental.raw.changed.depth_10,8388608,2,96.130350,0.000001
3,incremental.raw.changed.depth_10,8388608,3,98.806140,0.000001
3,incremental.raw.changed.depth_10,8388608,4,98.975164,0.000001
3,incremental.raw.changed.depth_10,8388608,5,101.179239,0.000001
3,incremental.raw.changed.depth_10,8388608,6,102.558829,0.000001
3,incremental.raw.changed.depth_10,8388608,7,102.580429,0.000001
3,incremental.raw.changed.depth_10,8388608,8,102.518925,0.000001
3,incremental.raw.changed.depth_10,8388608,9,101.833450,0.000001
3,r2.changed.depth_10,4194304,1,125.265558,4.000002
3,r2.changed.depth_10,4194304,2,125.540510,4.000002
3,r2.changed.depth_10,4194304,3,126.123211,4.000002
3,r2.changed.depth_10,4194304,4,126.580460,4.000002
3,r2.changed.depth_10,4194304,5,128.139504,4.000002
3,r2.changed.depth_10,4194304,6,130.433534,4.000002
3,r2.changed.depth_10,4194304,7,130.418528,4.000002
3,r2.changed.depth_10,4194304,8,130.496005,4.000002
3,r2.changed.depth_10,4194304,9,130.426884,4.000002
3,incremental.raw.changed.depth_100,524288,1,1010.812866,0.000019
3,incremental.raw.changed.depth_100,524288,2,1009.981133,0.000019
3,incremental.raw.changed.depth_100,524288,3,1011.610038,0.000019
3,incremental.raw.changed.depth_100,524288,4,1010.738288,0.000019
3,incremental.raw.changed.depth_100,524288,5,1010.568667,0.000019
3,incremental.raw.changed.depth_100,524288,6,1010.456344,0.000019
3,incremental.raw.changed.depth_100,524288,7,1012.109806,0.000019
3,incremental.raw.changed.depth_100,524288,8,1011.777840,0.000019
3,incremental.raw.changed.depth_100,524288,9,1011.104359,0.000019
3,r2.changed.depth_100,524288,1,1026.935934,4.000019
3,r2.changed.depth_100,524288,2,1028.444331,4.000019
3,r2.changed.depth_100,524288,3,1027.784492,4.000019
3,r2.changed.depth_100,524288,4,1030.071417,4.000019
3,r2.changed.depth_100,524288,5,1029.704890,4.000019
3,r2.changed.depth_100,524288,6,1031.227384,4.000019
3,r2.changed.depth_100,524288,7,1029.216492,4.000019
3,r2.changed.depth_100,524288,8,1028.884981,4.000019
3,r2.changed.depth_100,524288,9,1029.190116,4.000019
3,incremental.raw.cutoff.depth_10,16777216,1,31.351149,0.000001
3,incremental.raw.cutoff.depth_10,16777216,2,31.372309,0.000001
3,incremental.raw.cutoff.depth_10,16777216,3,30.685726,0.000001
3,incremental.raw.cutoff.depth_10,16777216,4,29.758567,0.000001
3,incremental.raw.cutoff.depth_10,16777216,5,29.796183,0.000001
3,incremental.raw.cutoff.depth_10,16777216,6,29.788964,0.000001
3,incremental.raw.cutoff.depth_10,16777216,7,29.766269,0.000001
3,incremental.raw.cutoff.depth_10,16777216,8,29.857446,0.000001
3,incremental.raw.cutoff.depth_10,16777216,9,29.927790,0.000001
3,r2.cutoff.depth_10,16777216,1,30.228321,4.000001
3,r2.cutoff.depth_10,16777216,2,30.311639,4.000001
3,r2.cutoff.depth_10,16777216,3,30.297628,4.000001
3,r2.cutoff.depth_10,16777216,4,30.296690,4.000001
3,r2.cutoff.depth_10,16777216,5,30.269973,4.000001
3,r2.cutoff.depth_10,16777216,6,30.196674,4.000001
3,r2.cutoff.depth_10,16777216,7,29.888810,4.000001
3,r2.cutoff.depth_10,16777216,8,29.545674,4.000001
3,r2.cutoff.depth_10,16777216,9,29.563068,4.000001
3,r2.fan_in.diamond,8388608,1,88.806985,16.000001
3,r2.fan_in.diamond,8388608,2,90.373419,16.000001
3,r2.fan_in.diamond,8388608,3,88.796838,16.000001
3,r2.fan_in.diamond,8388608,4,88.350561,16.000001
3,r2.fan_in.diamond,8388608,5,92.532758,16.000001
3,r2.fan_in.diamond,8388608,6,93.410733,16.000001
3,r2.fan_in.diamond,8388608,7,92.196359,16.000001
3,r2.fan_in.diamond,8388608,8,92.732904,16.000001
3,r2.fan_in.diamond,8388608,9,88.291870,16.000001
3,r1.failed_retry.depth_1,8388608,1,100.565330,8.000001
3,r1.failed_retry.depth_1,8388608,2,99.836456,8.000001
3,r1.failed_retry.depth_1,8388608,3,97.948458,8.000001
3,r1.failed_retry.depth_1,8388608,4,97.793105,8.000001
3,r1.failed_retry.depth_1,8388608,5,97.758885,8.000001
3,r1.failed_retry.depth_1,8388608,6,97.674587,8.000001
3,r1.failed_retry.depth_1,8388608,7,97.473844,8.000001
3,r1.failed_retry.depth_1,8388608,8,98.074679,8.000001
3,r1.failed_retry.depth_1,8388608,9,97.619278,8.000001
3,r1.failed_retry.depth_10,2097152,1,304.518267,8.000005
3,r1.failed_retry.depth_10,2097152,2,299.930093,8.000005
3,r1.failed_retry.depth_10,2097152,3,302.032959,8.000005
3,r1.failed_retry.depth_10,2097152,4,302.539775,8.000005
3,r1.failed_retry.depth_10,2097152,5,302.761009,8.000005
3,r1.failed_retry.depth_10,2097152,6,302.111175,8.000005
3,r1.failed_retry.depth_10,2097152,7,302.443027,8.000005
3,r1.failed_retry.depth_10,2097152,8,300.693046,8.000005
3,r1.failed_retry.depth_10,2097152,9,300.362103,8.000005
3,r1.failed_retry.depth_100,262144,1,2408.332875,8.000038
3,r1.failed_retry.depth_100,262144,2,2458.427844,8.000038
3,r1.failed_retry.depth_100,262144,3,2418.220902,8.000038
3,r1.failed_retry.depth_100,262144,4,2331.115866,8.000038
3,r1.failed_retry.depth_100,262144,5,2332.222721,8.000038
3,r1.failed_retry.depth_100,262144,6,2326.015419,8.000038
3,r1.failed_retry.depth_100,262144,7,2330.974894,8.000038
3,r1.failed_retry.depth_100,262144,8,2332.908480,8.000038
3,r1.failed_retry.depth_100,262144,9,2363.830390,8.000038
3,r2.failed_retry.depth_1,8388608,1,99.591972,8.000001
3,r2.failed_retry.depth_1,8388608,2,101.164574,8.000001
3,r2.failed_retry.depth_1,8388608,3,101.764215,8.000001
3,r2.failed_retry.depth_1,8388608,4,101.091274,8.000001
3,r2.failed_retry.depth_1,8388608,5,100.922591,8.000001
3,r2.failed_retry.depth_1,8388608,6,101.036420,8.000001
3,r2.failed_retry.depth_1,8388608,7,101.178983,8.000001
3,r2.failed_retry.depth_1,8388608,8,99.911091,8.000001
3,r2.failed_retry.depth_1,8388608,9,98.010531,8.000001
3,r2.failed_retry.depth_10,2097152,1,292.445634,8.000005
3,r2.failed_retry.depth_10,2097152,2,292.170057,8.000005
3,r2.failed_retry.depth_10,2097152,3,292.390382,8.000005
3,r2.failed_retry.depth_10,2097152,4,272.865691,8.000005
3,r2.failed_retry.depth_10,2097152,5,271.333192,8.000005
3,r2.failed_retry.depth_10,2097152,6,269.067755,8.000005
3,r2.failed_retry.depth_10,2097152,7,268.950430,8.000005
3,r2.failed_retry.depth_10,2097152,8,266.953521,8.000005
3,r2.failed_retry.depth_10,2097152,9,266.287316,8.000005
3,r2.failed_retry.depth_100,262144,1,1956.515916,8.000038
3,r2.failed_retry.depth_100,262144,2,1963.641807,8.000038
3,r2.failed_retry.depth_100,262144,3,1965.217052,8.000038
3,r2.failed_retry.depth_100,262144,4,1962.257556,8.000038
3,r2.failed_retry.depth_100,262144,5,1961.967428,8.000038
3,r2.failed_retry.depth_100,262144,6,1959.438123,8.000038
3,r2.failed_retry.depth_100,262144,7,2058.849532,8.000038
3,r2.failed_retry.depth_100,262144,8,2076.835699,8.000038
3,r2.failed_retry.depth_100,262144,9,2077.933459,8.000038
3,incremental.raw.changed.depth_1,16777216,1,33.085470,0.000001
3,incremental.raw.changed.depth_1,16777216,2,33.067636,0.000001
3,incremental.raw.changed.depth_1,16777216,3,33.049758,0.000001
3,incremental.raw.changed.depth_1,16777216,4,33.051663,0.000001
3,incremental.raw.changed.depth_1,16777216,5,33.059720,0.000001
3,incremental.raw.changed.depth_1,16777216,6,33.037665,0.000001
3,incremental.raw.changed.depth_1,16777216,7,33.040223,0.000001
3,incremental.raw.changed.depth_1,16777216,8,32.615731,0.000001
3,incremental.raw.changed.depth_1,16777216,9,31.169961,0.000001
3,r1b.changed.depth_1,16777216,1,30.848270,4.000001
3,r1b.changed.depth_1,16777216,2,30.840212,4.000001
3,r1b.changed.depth_1,16777216,3,30.863760,4.000001
3,r1b.changed.depth_1,16777216,4,30.871391,4.000001
3,r1b.changed.depth_1,16777216,5,30.834499,4.000001
3,r1b.changed.depth_1,16777216,6,30.844447,4.000001
3,r1b.changed.depth_1,16777216,7,30.845456,4.000001
3,r1b.changed.depth_1,16777216,8,30.876819,4.000001
3,r1b.changed.depth_1,16777216,9,30.845769,4.000001
3,incremental.raw.changed.depth_10,8388608,1,97.277280,0.000001
3,incremental.raw.changed.depth_10,8388608,2,97.724325,0.000001
3,incremental.raw.changed.depth_10,8388608,3,95.266813,0.000001
3,incremental.raw.changed.depth_10,8388608,4,95.910195,0.000001
3,incremental.raw.changed.depth_10,8388608,5,95.875151,0.000001
3,incremental.raw.changed.depth_10,8388608,6,97.732794,0.000001
3,incremental.raw.changed.depth_10,8388608,7,102.870445,0.000001
3,incremental.raw.changed.depth_10,8388608,8,102.877863,0.000001
3,incremental.raw.changed.depth_10,8388608,9,103.008773,0.000001
3,r1b.changed.depth_10,8388608,1,103.061808,4.000001
3,r1b.changed.depth_10,8388608,2,102.768524,4.000001
3,r1b.changed.depth_10,8388608,3,103.639366,4.000001
3,r1b.changed.depth_10,8388608,4,104.118243,4.000001
3,r1b.changed.depth_10,8388608,5,104.317309,4.000001
3,r1b.changed.depth_10,8388608,6,103.400112,4.000001
3,r1b.changed.depth_10,8388608,7,103.491573,4.000001
3,r1b.changed.depth_10,8388608,8,103.895076,4.000001
3,r1b.changed.depth_10,8388608,9,101.289402,4.000001
3,incremental.raw.changed.depth_100,524288,1,988.120973,0.000019
3,incremental.raw.changed.depth_100,524288,2,987.493422,0.000019
3,incremental.raw.changed.depth_100,524288,3,987.381100,0.000019
3,incremental.raw.changed.depth_100,524288,4,988.006377,0.000019
3,incremental.raw.changed.depth_100,524288,5,987.924523,0.000019
3,incremental.raw.changed.depth_100,524288,6,988.349711,0.000019
3,incremental.raw.changed.depth_100,524288,7,987.493422,0.000019
3,incremental.raw.changed.depth_100,524288,8,987.361545,0.000019
3,incremental.raw.changed.depth_100,524288,9,987.587100,0.000019
3,r1b.changed.depth_100,524288,1,900.278337,4.000019
3,r1b.changed.depth_100,524288,2,902.132342,4.000019
3,r1b.changed.depth_100,524288,3,900.411578,4.000019
3,r1b.changed.depth_100,524288,4,899.560746,4.000019
3,r1b.changed.depth_100,524288,5,899.202405,4.000019
3,r1b.changed.depth_100,524288,6,898.227427,4.000019
3,r1b.changed.depth_100,524288,7,898.239250,4.000019
3,r1b.changed.depth_100,524288,8,898.084636,4.000019
3,r1b.changed.depth_100,524288,9,897.422524,4.000019
3,incremental.raw.cutoff.depth_10,16777216,1,32.456882,0.000001
3,incremental.raw.cutoff.depth_10,16777216,2,32.432197,0.000001
3,incremental.raw.cutoff.depth_10,16777216,3,32.064008,0.000001
3,incremental.raw.cutoff.depth_10,16777216,4,29.469263,0.000001
3,incremental.raw.cutoff.depth_10,16777216,5,29.458164,0.000001
3,incremental.raw.cutoff.depth_10,16777216,6,29.483672,0.000001
3,incremental.raw.cutoff.depth_10,16777216,7,29.475927,0.000001
3,incremental.raw.cutoff.depth_10,16777216,8,29.458988,0.000001
3,incremental.raw.cutoff.depth_10,16777216,9,29.456857,0.000001
3,r1b.cutoff.depth_10,16777216,1,28.025084,4.000001
3,r1b.cutoff.depth_10,16777216,2,28.054828,4.000001
3,r1b.cutoff.depth_10,16777216,3,28.047566,4.000001
3,r1b.cutoff.depth_10,16777216,4,28.036951,4.000001
3,r1b.cutoff.depth_10,16777216,5,28.031891,4.000001
3,r1b.cutoff.depth_10,16777216,6,28.043743,4.000001
3,r1b.cutoff.depth_10,16777216,7,28.170518,4.000001
3,r1b.cutoff.depth_10,16777216,8,28.064662,4.000001
3,r1b.cutoff.depth_10,16777216,9,28.110861,4.000001
3,r1b.fan_in.diamond,8388608,1,78.719154,16.000001
3,r1b.fan_in.diamond,8388608,2,78.988677,16.000001
3,r1b.fan_in.diamond,8388608,3,78.868254,16.000001
3,r1b.fan_in.diamond,8388608,4,80.658793,16.000001
3,r1b.fan_in.diamond,8388608,5,85.371965,16.000001
3,r1b.fan_in.diamond,8388608,6,85.209706,16.000001
3,r1b.fan_in.diamond,8388608,7,84.173791,16.000001
3,r1b.fan_in.diamond,8388608,8,81.589121,16.000001
3,r1b.fan_in.diamond,8388608,9,78.697440,16.000001
3,r1b.failed_retry.depth_1,8388608,1,95.678558,8.000001
3,r1b.failed_retry.depth_1,8388608,2,95.773714,8.000001
3,r1b.failed_retry.depth_1,8388608,3,95.806485,8.000001
3,r1b.failed_retry.depth_1,8388608,4,95.768314,8.000001
3,r1b.failed_retry.depth_1,8388608,5,91.806271,8.000001
3,r1b.failed_retry.depth_1,8388608,6,91.420532,8.000001
3,r1b.failed_retry.depth_1,8388608,7,91.488488,8.000001
3,r1b.failed_retry.depth_1,8388608,8,90.731618,8.000001
3,r1b.failed_retry.depth_1,8388608,9,91.160160,8.000001
3,r1b.failed_retry.depth_10,2097152,1,290.083449,8.000005
3,r1b.failed_retry.depth_10,2097152,2,262.099661,8.000005
3,r1b.failed_retry.depth_10,2097152,3,262.024969,8.000005
3,r1b.failed_retry.depth_10,2097152,4,262.568392,8.000005
3,r1b.failed_retry.depth_10,2097152,5,262.858862,8.000005
3,r1b.failed_retry.depth_10,2097152,6,262.575213,8.000005
3,r1b.failed_retry.depth_10,2097152,7,268.058784,8.000005
3,r1b.failed_retry.depth_10,2097152,8,268.909957,8.000005
3,r1b.failed_retry.depth_10,2097152,9,270.896976,8.000005
3,r1b.failed_retry.depth_100,262144,1,2032.352313,8.000038
3,r1b.failed_retry.depth_100,262144,2,2032.005796,8.000038
3,r1b.failed_retry.depth_100,262144,3,2028.865310,8.000038
3,r1b.failed_retry.depth_100,262144,4,2025.551112,8.000038
3,r1b.failed_retry.depth_100,262144,5,2027.950359,8.000038
3,r1b.failed_retry.depth_100,262144,6,2025.680260,8.000038
3,r1b.failed_retry.depth_100,262144,7,2030.658834,8.000038
3,r1b.failed_retry.depth_100,262144,8,2031.009899,8.000038
3,r1b.failed_retry.depth_100,262144,9,2033.431883,8.000038
3,incremental.raw.changed.depth_1,16777216,1,33.592343,0.000001
3,incremental.raw.changed.depth_1,16777216,2,33.579653,0.000001
3,incremental.raw.changed.depth_1,16777216,3,32.999807,0.000001
3,incremental.raw.changed.depth_1,16777216,4,31.432151,0.000001
3,incremental.raw.changed.depth_1,16777216,5,31.469952,0.000001
3,incremental.raw.changed.depth_1,16777216,6,31.405804,0.000001
3,incremental.raw.changed.depth_1,16777216,7,31.575681,0.000001
3,incremental.raw.changed.depth_1,16777216,8,31.415283,0.000001
3,incremental.raw.changed.depth_1,16777216,9,31.399480,0.000001
3,r1m.changed.depth_1,16777216,1,31.089073,4.000001
3,r1m.changed.depth_1,16777216,2,31.084355,4.000001
3,r1m.changed.depth_1,16777216,3,31.064758,4.000001
3,r1m.changed.depth_1,16777216,4,31.052053,4.000001
3,r1m.changed.depth_1,16777216,5,31.029941,4.000001
3,r1m.changed.depth_1,16777216,6,31.029288,4.000001
3,r1m.changed.depth_1,16777216,7,31.040841,4.000001
3,r1m.changed.depth_1,16777216,8,31.049254,4.000001
3,r1m.changed.depth_1,16777216,9,31.042404,4.000001
3,incremental.raw.changed.depth_10,8388608,1,103.500582,0.000001
3,incremental.raw.changed.depth_10,8388608,2,101.914168,0.000001
3,incremental.raw.changed.depth_10,8388608,3,98.842747,0.000001
3,incremental.raw.changed.depth_10,8388608,4,98.353865,0.000001
3,incremental.raw.changed.depth_10,8388608,5,98.388540,0.000001
3,incremental.raw.changed.depth_10,8388608,6,98.369014,0.000001
3,incremental.raw.changed.depth_10,8388608,7,98.349091,0.000001
3,incremental.raw.changed.depth_10,8388608,8,98.395333,0.000001
3,incremental.raw.changed.depth_10,8388608,9,98.327291,0.000001
3,r1m.changed.depth_10,8388608,1,100.755699,4.000001
3,r1m.changed.depth_10,8388608,2,99.567643,4.000001
3,r1m.changed.depth_10,8388608,3,99.886307,4.000001
3,r1m.changed.depth_10,8388608,4,99.778532,4.000001
3,r1m.changed.depth_10,8388608,5,100.113027,4.000001
3,r1m.changed.depth_10,8388608,6,102.710857,4.000001
3,r1m.changed.depth_10,8388608,7,102.710487,4.000001
3,r1m.changed.depth_10,8388608,8,102.722055,4.000001
3,r1m.changed.depth_10,8388608,9,103.959309,4.000001
3,incremental.raw.changed.depth_100,524288,1,1067.104222,0.000019
3,incremental.raw.changed.depth_100,524288,2,1069.025075,0.000019
3,incremental.raw.changed.depth_100,524288,3,1067.321591,0.000019
3,incremental.raw.changed.depth_100,524288,4,1066.553068,0.000019
3,incremental.raw.changed.depth_100,524288,5,989.074579,0.000019
3,incremental.raw.changed.depth_100,524288,6,993.341473,0.000019
3,incremental.raw.changed.depth_100,524288,7,988.563443,0.000019
3,incremental.raw.changed.depth_100,524288,8,989.021373,0.000019
3,incremental.raw.changed.depth_100,524288,9,989.408363,0.000019
3,r1m.changed.depth_100,1048576,1,894.156301,4.000010
3,r1m.changed.depth_100,1048576,2,892.974867,4.000010
3,r1m.changed.depth_100,1048576,3,900.633040,4.000010
3,r1m.changed.depth_100,1048576,4,904.479975,4.000010
3,r1m.changed.depth_100,1048576,5,903.406089,4.000010
3,r1m.changed.depth_100,1048576,6,899.775387,4.000010
3,r1m.changed.depth_100,1048576,7,897.709015,4.000010
3,r1m.changed.depth_100,1048576,8,902.307420,4.000010
3,r1m.changed.depth_100,1048576,9,892.675416,4.000010
3,incremental.raw.cutoff.depth_10,16777216,1,32.470822,0.000001
3,incremental.raw.cutoff.depth_10,16777216,2,32.488941,0.000001
3,incremental.raw.cutoff.depth_10,16777216,3,32.482561,0.000001
3,incremental.raw.cutoff.depth_10,16777216,4,32.496573,0.000001
3,incremental.raw.cutoff.depth_10,16777216,5,31.582061,0.000001
3,incremental.raw.cutoff.depth_10,16777216,6,29.821038,0.000001
3,incremental.raw.cutoff.depth_10,16777216,7,29.792020,0.000001
3,incremental.raw.cutoff.depth_10,16777216,8,29.809229,0.000001
3,incremental.raw.cutoff.depth_10,16777216,9,29.774057,0.000001
3,r1m.cutoff.depth_10,16777216,1,27.593259,4.000001
3,r1m.cutoff.depth_10,16777216,2,27.589977,4.000001
3,r1m.cutoff.depth_10,16777216,3,27.594268,4.000001
3,r1m.cutoff.depth_10,16777216,4,27.569882,4.000001
3,r1m.cutoff.depth_10,16777216,5,27.561427,4.000001
3,r1m.cutoff.depth_10,16777216,6,27.630207,4.000001
3,r1m.cutoff.depth_10,16777216,7,27.691186,4.000001
3,r1m.cutoff.depth_10,16777216,8,27.723431,4.000001
3,r1m.cutoff.depth_10,16777216,9,27.650231,4.000001
3,r1m.fan_in.diamond,8388608,1,78.616495,16.000001
3,r1m.fan_in.diamond,8388608,2,78.744762,16.000001
3,r1m.fan_in.diamond,8388608,3,78.016768,16.000001
3,r1m.fan_in.diamond,8388608,4,78.747377,16.000001
3,r1m.fan_in.diamond,8388608,5,82.245464,16.000001
3,r1m.fan_in.diamond,8388608,6,83.572274,16.000001
3,r1m.fan_in.diamond,8388608,7,84.350347,16.000001
3,r1m.fan_in.diamond,8388608,8,83.992830,16.000001
3,r1m.fan_in.diamond,8388608,9,78.088533,16.000001
3,r1m.failed_retry.depth_1,8388608,1,93.533515,8.000001
3,r1m.failed_retry.depth_1,8388608,2,93.537579,8.000001
3,r1m.failed_retry.depth_1,8388608,3,89.532989,8.000001
3,r1m.failed_retry.depth_1,8388608,4,88.820713,8.000001
3,r1m.failed_retry.depth_1,8388608,5,87.861537,8.000001
3,r1m.failed_retry.depth_1,8388608,6,87.805375,8.000001
3,r1m.failed_retry.depth_1,8388608,7,86.957471,8.000001
3,r1m.failed_retry.depth_1,8388608,8,87.224947,8.000001
3,r1m.failed_retry.depth_1,8388608,9,88.294854,8.000001
3,r1m.failed_retry.depth_10,2097152,1,269.942802,8.000005
3,r1m.failed_retry.depth_10,2097152,2,269.621864,8.000005
3,r1m.failed_retry.depth_10,2097152,3,269.345264,8.000005
3,r1m.failed_retry.depth_10,2097152,4,269.224643,8.000005
3,r1m.failed_retry.depth_10,2097152,5,256.643716,8.000005
3,r1m.failed_retry.depth_10,2097152,6,258.303203,8.000005
3,r1m.failed_retry.depth_10,2097152,7,252.717541,8.000005
3,r1m.failed_retry.depth_10,2097152,8,253.131361,8.000005
3,r1m.failed_retry.depth_10,2097152,9,252.764721,8.000005
3,r1m.failed_retry.depth_100,262144,1,1990.596502,8.000038
3,r1m.failed_retry.depth_100,262144,2,1991.421414,8.000038
3,r1m.failed_retry.depth_100,262144,3,1990.620149,8.000038
3,r1m.failed_retry.depth_100,262144,4,1986.801180,8.000038
3,r1m.failed_retry.depth_100,262144,5,1987.094947,8.000038
3,r1m.failed_retry.depth_100,262144,6,1987.307769,8.000038
3,r1m.failed_retry.depth_100,262144,7,1987.518772,8.000038
3,r1m.failed_retry.depth_100,262144,8,1984.996743,8.000038
3,r1m.failed_retry.depth_100,262144,9,1986.778443,8.000038
3,incremental.raw.changed.depth_1,16777216,1,33.784033,0.000001
3,incremental.raw.changed.depth_1,16777216,2,32.145508,0.000001
3,incremental.raw.changed.depth_1,16777216,3,31.105699,0.000001
3,incremental.raw.changed.depth_1,16777216,4,30.884209,0.000001
3,incremental.raw.changed.depth_1,16777216,5,31.067188,0.000001
3,incremental.raw.changed.depth_1,16777216,6,31.594624,0.000001
3,incremental.raw.changed.depth_1,16777216,7,31.603690,0.000001
3,incremental.raw.changed.depth_1,16777216,8,31.567041,0.000001
3,incremental.raw.changed.depth_1,16777216,9,31.516919,0.000001
3,r2m.changed.depth_1,16777216,1,30.629636,4.000001
3,r2m.changed.depth_1,16777216,2,30.755572,4.000001
3,r2m.changed.depth_1,16777216,3,30.602408,4.000001
3,r2m.changed.depth_1,16777216,4,30.607936,4.000001
3,r2m.changed.depth_1,16777216,5,30.601981,4.000001
3,r2m.changed.depth_1,16777216,6,30.634752,4.000001
3,r2m.changed.depth_1,16777216,7,30.548165,4.000001
3,r2m.changed.depth_1,16777216,8,30.553153,4.000001
3,r2m.changed.depth_1,16777216,9,30.764454,4.000001
3,incremental.raw.changed.depth_10,8388608,1,106.363672,0.000001
3,incremental.raw.changed.depth_10,8388608,2,105.408674,0.000001
3,incremental.raw.changed.depth_10,8388608,3,105.009775,0.000001
3,incremental.raw.changed.depth_10,8388608,4,99.858397,0.000001
3,incremental.raw.changed.depth_10,8388608,5,101.473461,0.000001
3,incremental.raw.changed.depth_10,8388608,6,101.408233,0.000001
3,incremental.raw.changed.depth_10,8388608,7,101.525302,0.000001
3,incremental.raw.changed.depth_10,8388608,8,100.017076,0.000001
3,incremental.raw.changed.depth_10,8388608,9,101.303812,0.000001
3,r2m.changed.depth_10,8388608,1,105.239621,4.000001
3,r2m.changed.depth_10,8388608,2,103.646641,4.000001
3,r2m.changed.depth_10,8388608,3,104.067226,4.000001
3,r2m.changed.depth_10,8388608,4,104.969985,4.000001
3,r2m.changed.depth_10,8388608,5,103.802790,4.000001
3,r2m.changed.depth_10,8388608,6,101.525671,4.000001
3,r2m.changed.depth_10,8388608,7,101.170656,4.000001
3,r2m.changed.depth_10,8388608,8,101.821655,4.000001
3,r2m.changed.depth_10,8388608,9,103.168844,4.000001
3,incremental.raw.changed.depth_100,524288,1,1018.215244,0.000019
3,incremental.raw.changed.depth_100,524288,2,1016.406713,0.000019
3,incremental.raw.changed.depth_100,524288,3,991.081379,0.000019
3,incremental.raw.changed.depth_100,524288,4,989.635282,0.000019
3,incremental.raw.changed.depth_100,524288,5,988.607553,0.000019
3,incremental.raw.changed.depth_100,524288,6,989.856744,0.000019
3,incremental.raw.changed.depth_100,524288,7,988.233296,0.000019
3,incremental.raw.changed.depth_100,524288,8,991.369234,0.000019
3,incremental.raw.changed.depth_100,524288,9,1014.553163,0.000019
3,r2m.changed.depth_100,524288,1,939.765869,4.000019
3,r2m.changed.depth_100,524288,2,878.144874,4.000019
3,r2m.changed.depth_100,524288,3,874.187663,4.000019
3,r2m.changed.depth_100,524288,4,854.468908,4.000019
3,r2m.changed.depth_100,524288,5,883.632310,4.000019
3,r2m.changed.depth_100,524288,6,855.016879,4.000019
3,r2m.changed.depth_100,524288,7,878.845185,4.000019
3,r2m.changed.depth_100,524288,8,862.415163,4.000019
3,r2m.changed.depth_100,524288,9,867.441031,4.000019
3,incremental.raw.cutoff.depth_10,16777216,1,30.996020,0.000001
3,incremental.raw.cutoff.depth_10,16777216,2,29.783365,0.000001
3,incremental.raw.cutoff.depth_10,16777216,3,29.810849,0.000001
3,incremental.raw.cutoff.depth_10,16777216,4,29.798926,0.000001
3,incremental.raw.cutoff.depth_10,16777216,5,29.797675,0.000001
3,incremental.raw.cutoff.depth_10,16777216,6,29.849531,0.000001
3,incremental.raw.cutoff.depth_10,16777216,7,29.807026,0.000001
3,incremental.raw.cutoff.depth_10,16777216,8,29.808220,0.000001
3,incremental.raw.cutoff.depth_10,16777216,9,29.820143,0.000001
3,r2m.cutoff.depth_10,16777216,1,29.123541,4.000001
3,r2m.cutoff.depth_10,16777216,2,29.249733,4.000001
3,r2m.cutoff.depth_10,16777216,3,29.189223,4.000001
3,r2m.cutoff.depth_10,16777216,4,29.317391,4.000001
3,r2m.cutoff.depth_10,16777216,5,29.232268,4.000001
3,r2m.cutoff.depth_10,16777216,6,29.260036,4.000001
3,r2m.cutoff.depth_10,16777216,7,29.627572,4.000001
3,r2m.cutoff.depth_10,16777216,8,29.209971,4.000001
3,r2m.cutoff.depth_10,16777216,9,29.240965,4.000001
3,r2m.fan_in.diamond,8388608,1,81.800323,16.000001
3,r2m.fan_in.diamond,8388608,2,82.522632,16.000001
3,r2m.fan_in.diamond,8388608,3,79.581753,16.000001
3,r2m.fan_in.diamond,8388608,4,79.727897,16.000001
3,r2m.fan_in.diamond,8388608,5,84.559076,16.000001
3,r2m.fan_in.diamond,8388608,6,84.643005,16.000001
3,r2m.fan_in.diamond,8388608,7,85.144990,16.000001
3,r2m.fan_in.diamond,8388608,8,84.986084,16.000001
3,r2m.fan_in.diamond,8388608,9,79.603325,16.000001
3,r2m.failed_retry.depth_1,8388608,1,85.748553,8.000001
3,r2m.failed_retry.depth_1,8388608,2,83.172552,8.000001
3,r2m.failed_retry.depth_1,8388608,3,82.748073,8.000001
3,r2m.failed_retry.depth_1,8388608,4,82.554948,8.000001
3,r2m.failed_retry.depth_1,8388608,5,85.633758,8.000001
3,r2m.failed_retry.depth_1,8388608,6,83.883521,8.000001
3,r2m.failed_retry.depth_1,8388608,7,84.071530,8.000001
3,r2m.failed_retry.depth_1,8388608,8,85.205698,8.000001
3,r2m.failed_retry.depth_1,8388608,9,83.281662,8.000001
3,r2m.failed_retry.depth_10,2097152,1,257.249326,8.000005
3,r2m.failed_retry.depth_10,2097152,2,252.157179,8.000005
3,r2m.failed_retry.depth_10,2097152,3,237.490212,8.000005
3,r2m.failed_retry.depth_10,2097152,4,241.128873,8.000005
3,r2m.failed_retry.depth_10,2097152,5,245.586875,8.000005
3,r2m.failed_retry.depth_10,2097152,6,235.267635,8.000005
3,r2m.failed_retry.depth_10,2097152,7,234.062668,8.000005
3,r2m.failed_retry.depth_10,2097152,8,234.107461,8.000005
3,r2m.failed_retry.depth_10,2097152,9,235.390644,8.000005
3,r2m.failed_retry.depth_100,262144,1,1922.958290,8.000038
3,r2m.failed_retry.depth_100,262144,2,1942.745257,8.000038
3,r2m.failed_retry.depth_100,262144,3,1941.799383,8.000038
3,r2m.failed_retry.depth_100,262144,4,1900.161806,8.000038
3,r2m.failed_retry.depth_100,262144,5,1837.738637,8.000038
3,r2m.failed_retry.depth_100,262144,6,1846.847226,8.000038
3,r2m.failed_retry.depth_100,262144,7,1832.005182,8.000038
3,r2m.failed_retry.depth_100,262144,8,1852.672540,8.000038
3,r2m.failed_retry.depth_100,262144,9,1838.328899,8.000038
3,incremental.raw.changed.depth_10,8388608,1,107.799167,0.000001
3,incremental.raw.changed.depth_10,8388608,2,107.847569,0.000001
3,incremental.raw.changed.depth_10,8388608,3,104.001032,0.000001
3,incremental.raw.changed.depth_10,8388608,4,101.923234,0.000001
3,incremental.raw.changed.depth_10,8388608,5,101.980788,0.000001
3,incremental.raw.changed.depth_10,8388608,6,102.187983,0.000001
3,incremental.raw.changed.depth_10,8388608,7,102.700341,0.000001
3,incremental.raw.changed.depth_10,8388608,8,102.670555,0.000001
3,incremental.raw.changed.depth_10,8388608,9,102.669219,0.000001
3,r1w.changed.depth_10,4194304,1,116.644856,4.000002
3,r1w.changed.depth_10,4194304,2,115.411069,4.000002
3,r1w.changed.depth_10,4194304,3,107.401377,4.000002
3,r1w.changed.depth_10,4194304,4,107.776884,4.000002
3,r1w.changed.depth_10,4194304,5,108.014092,4.000002
3,r1w.changed.depth_10,4194304,6,107.942355,4.000002
3,r1w.changed.depth_10,4194304,7,107.860103,4.000002
3,r1w.changed.depth_10,4194304,8,107.321739,4.000002
3,r1w.changed.depth_10,4194304,9,109.517316,4.000002
3,incremental.raw.changed.depth_10,8388608,1,111.878279,0.000001
3,incremental.raw.changed.depth_10,8388608,2,111.933730,0.000001
3,incremental.raw.changed.depth_10,8388608,3,111.867791,0.000001
3,incremental.raw.changed.depth_10,8388608,4,99.966172,0.000001
3,incremental.raw.changed.depth_10,8388608,5,101.889725,0.000001
3,incremental.raw.changed.depth_10,8388608,6,97.469780,0.000001
3,incremental.raw.changed.depth_10,8388608,7,97.939733,0.000001
3,incremental.raw.changed.depth_10,8388608,8,98.540539,0.000001
3,incremental.raw.changed.depth_10,8388608,9,102.780945,0.000001
3,r1a.changed.depth_10,8388608,1,99.486471,4.000001
3,r1a.changed.depth_10,8388608,2,97.835198,4.000001
3,r1a.changed.depth_10,8388608,3,99.199525,4.000001
3,r1a.changed.depth_10,8388608,4,99.598054,4.000001
3,r1a.changed.depth_10,8388608,5,98.516466,4.000001
3,r1a.changed.depth_10,8388608,6,99.526517,4.000001
3,r1a.changed.depth_10,8388608,7,103.060955,4.000001
3,r1a.changed.depth_10,8388608,8,101.406471,4.000001
3,r1a.changed.depth_10,8388608,9,97.933992,4.000001
3,incremental.raw.changed.depth_100,524288,1,1013.183464,0.000019
3,incremental.raw.changed.depth_100,524288,2,1013.864676,0.000019
3,incremental.raw.changed.depth_100,524288,3,1013.994279,0.000019
3,incremental.raw.changed.depth_100,524288,4,1013.788278,0.000019
3,incremental.raw.changed.depth_100,524288,5,1013.364908,0.000019
3,incremental.raw.changed.depth_100,524288,6,1013.193014,0.000019
3,incremental.raw.changed.depth_100,524288,7,1013.625933,0.000019
3,incremental.raw.changed.depth_100,524288,8,1013.502242,0.000019
3,incremental.raw.changed.depth_100,524288,9,1013.047950,0.000019
3,r1a.changed.depth_100,1048576,1,892.621074,4.000010
3,r1a.changed.depth_100,1048576,2,891.089485,4.000010
3,r1a.changed.depth_100,1048576,3,890.156798,4.000010
3,r1a.changed.depth_100,1048576,4,886.911266,4.000010
3,r1a.changed.depth_100,1048576,5,887.683882,4.000010
3,r1a.changed.depth_100,1048576,6,896.791562,4.000010
3,r1a.changed.depth_100,1048576,7,896.616029,4.000010
3,r1a.changed.depth_100,1048576,8,897.592372,4.000010
3,r1a.changed.depth_100,1048576,9,891.614036,4.000010
3,incremental.raw.changed.depth_1,16777216,1,33.591874,0.000001
3,incremental.raw.changed.depth_1,16777216,2,31.949043,0.000001
3,incremental.raw.changed.depth_1,16777216,3,31.394720,0.000001
3,incremental.raw.changed.depth_1,16777216,4,31.404426,0.000001
3,incremental.raw.changed.depth_1,16777216,5,31.279157,0.000001
3,incremental.raw.changed.depth_1,16777216,6,30.840155,0.000001
3,incremental.raw.changed.depth_1,16777216,7,30.856668,0.000001
3,incremental.raw.changed.depth_1,16777216,8,30.874972,0.000001
3,incremental.raw.changed.depth_1,16777216,9,30.926159,0.000001
3,r1n.changed.depth_1,16777216,1,25.441224,4.000001
3,r1n.changed.depth_1,16777216,2,25.437600,4.000001
3,r1n.changed.depth_1,16777216,3,25.440386,4.000001
3,r1n.changed.depth_1,16777216,4,25.412376,4.000001
3,r1n.changed.depth_1,16777216,5,25.403978,4.000001
3,r1n.changed.depth_1,16777216,6,25.384594,4.000001
3,r1n.changed.depth_1,16777216,7,25.406663,4.000001
3,r1n.changed.depth_1,16777216,8,25.398549,4.000001
3,r1n.changed.depth_1,16777216,9,25.396176,4.000001
3,incremental.raw.changed.depth_10,8388608,1,102.325799,0.000001
3,incremental.raw.changed.depth_10,8388608,2,102.270604,0.000001
3,incremental.raw.changed.depth_10,8388608,3,102.271315,0.000001
3,incremental.raw.changed.depth_10,8388608,4,99.229823,0.000001
3,incremental.raw.changed.depth_10,8388608,5,97.021712,0.000001
3,incremental.raw.changed.depth_10,8388608,6,101.575381,0.000001
3,incremental.raw.changed.depth_10,8388608,7,97.855093,0.000001
3,incremental.raw.changed.depth_10,8388608,8,96.744657,0.000001
3,incremental.raw.changed.depth_10,8388608,9,97.033620,0.000001
3,r1n.changed.depth_10,16777216,1,58.333640,4.000001
3,r1n.changed.depth_10,16777216,2,58.324048,4.000001
3,r1n.changed.depth_10,16777216,3,58.181044,4.000001
3,r1n.changed.depth_10,16777216,4,58.241426,4.000001
3,r1n.changed.depth_10,16777216,5,58.224742,4.000001
3,r1n.changed.depth_10,16777216,6,58.351873,4.000001
3,r1n.changed.depth_10,16777216,7,58.352470,4.000001
3,r1n.changed.depth_10,16777216,8,58.341030,4.000001
3,r1n.changed.depth_10,16777216,9,58.355027,4.000001
3,incremental.raw.changed.depth_100,524288,1,1050.369065,0.000019
3,incremental.raw.changed.depth_100,524288,2,1029.447503,0.000019
3,incremental.raw.changed.depth_100,524288,3,1024.444373,0.000019
3,incremental.raw.changed.depth_100,524288,4,996.566541,0.000019
3,incremental.raw.changed.depth_100,524288,5,1004.942078,0.000019
3,incremental.raw.changed.depth_100,524288,6,996.694325,0.000019
3,incremental.raw.changed.depth_100,524288,7,988.399279,0.000019
3,incremental.raw.changed.depth_100,524288,8,987.633030,0.000019
3,incremental.raw.changed.depth_100,524288,9,988.464308,0.000019
3,r1n.changed.depth_100,1048576,1,582.935400,4.000010
3,r1n.changed.depth_100,1048576,2,580.904953,4.000010
3,r1n.changed.depth_100,1048576,3,580.412006,4.000010
3,r1n.changed.depth_100,1048576,4,580.520691,4.000010
3,r1n.changed.depth_100,1048576,5,568.436690,4.000010
3,r1n.changed.depth_100,1048576,6,540.727569,4.000010
3,r1n.changed.depth_100,1048576,7,542.437647,4.000010
3,r1n.changed.depth_100,1048576,8,542.958333,4.000010
3,r1n.changed.depth_100,1048576,9,542.708221,4.000010
3,incremental.raw.cutoff.depth_10,16777216,1,32.430179,0.000001
3,incremental.raw.cutoff.depth_10,16777216,2,31.528415,0.000001
3,incremental.raw.cutoff.depth_10,16777216,3,31.172092,0.000001
3,incremental.raw.cutoff.depth_10,16777216,4,31.153135,0.000001
3,incremental.raw.cutoff.depth_10,16777216,5,30.244820,0.000001
3,incremental.raw.cutoff.depth_10,16777216,6,29.976491,0.000001
3,incremental.raw.cutoff.depth_10,16777216,7,29.975226,0.000001
3,incremental.raw.cutoff.depth_10,16777216,8,29.974885,0.000001
3,incremental.raw.cutoff.depth_10,16777216,9,29.944957,0.000001
3,r1n.cutoff.depth_10,16777216,1,25.363931,4.000001
3,r1n.cutoff.depth_10,16777216,2,25.372032,4.000001
3,r1n.cutoff.depth_10,16777216,3,25.354979,4.000001
3,r1n.cutoff.depth_10,16777216,4,25.397412,4.000001
3,r1n.cutoff.depth_10,16777216,5,25.372799,4.000001
3,r1n.cutoff.depth_10,16777216,6,25.377275,4.000001
3,r1n.cutoff.depth_10,16777216,7,25.377162,4.000001
3,r1n.cutoff.depth_10,16777216,8,25.376309,4.000001
3,r1n.cutoff.depth_10,16777216,9,25.394911,4.000001
3,incremental.raw.changed.depth_1,16777216,1,33.080340,0.000001
3,incremental.raw.changed.depth_1,16777216,2,33.043918,0.000001
3,incremental.raw.changed.depth_1,16777216,3,33.041545,0.000001
3,incremental.raw.changed.depth_1,16777216,4,33.063358,0.000001
3,incremental.raw.changed.depth_1,16777216,5,33.052984,0.000001
3,incremental.raw.changed.depth_1,16777216,6,33.051123,0.000001
3,incremental.raw.changed.depth_1,16777216,7,33.049403,0.000001
3,incremental.raw.changed.depth_1,16777216,8,33.071231,0.000001
3,incremental.raw.changed.depth_1,16777216,9,33.087431,0.000001
3,r1i.changed.depth_1,16777216,1,24.752026,4.000001
3,r1i.changed.depth_1,16777216,2,24.755423,4.000001
3,r1i.changed.depth_1,16777216,3,24.745589,4.000001
3,r1i.changed.depth_1,16777216,4,24.733296,4.000001
3,r1i.changed.depth_1,16777216,5,24.709294,4.000001
3,r1i.changed.depth_1,16777216,6,24.682990,4.000001
3,r1i.changed.depth_1,16777216,7,24.673938,4.000001
3,r1i.changed.depth_1,16777216,8,24.679238,4.000001
3,r1i.changed.depth_1,16777216,9,24.688660,4.000001
3,incremental.raw.changed.depth_10,8388608,1,110.141514,0.000001
3,incremental.raw.changed.depth_10,8388608,2,110.145692,0.000001
3,incremental.raw.changed.depth_10,8388608,3,110.121476,0.000001
3,incremental.raw.changed.depth_10,8388608,4,110.136398,0.000001
3,incremental.raw.changed.depth_10,8388608,5,110.129605,0.000001
3,incremental.raw.changed.depth_10,8388608,6,110.083079,0.000001
3,incremental.raw.changed.depth_10,8388608,7,110.211630,0.000001
3,incremental.raw.changed.depth_10,8388608,8,105.645086,0.000001
3,incremental.raw.changed.depth_10,8388608,9,96.965550,0.000001
3,r1i.changed.depth_10,8388608,1,69.891229,4.000001
3,r1i.changed.depth_10,8388608,2,70.053829,4.000001
3,r1i.changed.depth_10,8388608,3,69.661496,4.000001
3,r1i.changed.depth_10,8388608,4,69.650667,4.000001
3,r1i.changed.depth_10,8388608,5,69.522144,4.000001
3,r1i.changed.depth_10,8388608,6,69.591522,4.000001
3,r1i.changed.depth_10,8388608,7,69.525584,4.000001
3,r1i.changed.depth_10,8388608,8,69.563413,4.000001
3,r1i.changed.depth_10,8388608,9,70.098025,4.000001
3,incremental.raw.changed.depth_100,524288,1,1023.313416,0.000019
3,incremental.raw.changed.depth_100,524288,2,1001.832970,0.000019
3,incremental.raw.changed.depth_100,524288,3,993.398771,0.000019
3,incremental.raw.changed.depth_100,524288,4,993.175490,0.000019
3,incremental.raw.changed.depth_100,524288,5,991.466550,0.000019
3,incremental.raw.changed.depth_100,524288,6,991.424713,0.000019
3,incremental.raw.changed.depth_100,524288,7,996.025392,0.000019
3,incremental.raw.changed.depth_100,524288,8,1082.566996,0.000019
3,incremental.raw.changed.depth_100,524288,9,1083.577899,0.000019
3,r1i.changed.depth_100,1048576,1,706.102355,4.000010
3,r1i.changed.depth_100,1048576,2,699.706106,4.000010
3,r1i.changed.depth_100,1048576,3,699.269322,4.000010
3,r1i.changed.depth_100,1048576,4,695.125664,4.000010
3,r1i.changed.depth_100,1048576,5,705.519597,4.000010
3,r1i.changed.depth_100,1048576,6,742.834118,4.000010
3,r1i.changed.depth_100,1048576,7,743.286137,4.000010
3,r1i.changed.depth_100,1048576,8,709.152346,4.000010
3,r1i.changed.depth_100,1048576,9,698.883014,4.000010
3,incremental.raw.cutoff.depth_10,16777216,1,31.461482,0.000001
3,incremental.raw.cutoff.depth_10,16777216,2,31.470776,0.000001
3,incremental.raw.cutoff.depth_10,16777216,3,30.174263,0.000001
3,incremental.raw.cutoff.depth_10,16777216,4,29.604067,0.000001
3,incremental.raw.cutoff.depth_10,16777216,5,29.816036,0.000001
3,incremental.raw.cutoff.depth_10,16777216,6,30.049449,0.000001
3,incremental.raw.cutoff.depth_10,16777216,7,30.002226,0.000001
3,incremental.raw.cutoff.depth_10,16777216,8,29.986211,0.000001
3,incremental.raw.cutoff.depth_10,16777216,9,30.246483,0.000001
3,r1i.cutoff.depth_10,16777216,1,22.910541,4.000001
3,r1i.cutoff.depth_10,16777216,2,22.869528,4.000001
3,r1i.cutoff.depth_10,16777216,3,22.966447,4.000001
3,r1i.cutoff.depth_10,16777216,4,22.932355,4.000001
3,r1i.cutoff.depth_10,16777216,5,22.870481,4.000001
3,r1i.cutoff.depth_10,16777216,6,22.869941,4.000001
3,r1i.cutoff.depth_10,16777216,7,22.854636,4.000001
3,r1i.cutoff.depth_10,16777216,8,22.876918,4.000001
3,r1i.cutoff.depth_10,16777216,9,23.164262,4.000001
3,r1i.fan_in.diamond,8388608,1,69.462772,16.000001
3,r1i.fan_in.diamond,8388608,2,69.701201,16.000001
3,r1i.fan_in.diamond,8388608,3,69.382537,16.000001
3,r1i.fan_in.diamond,8388608,4,69.351671,16.000001
3,r1i.fan_in.diamond,8388608,5,69.368724,16.000001
3,r1i.fan_in.diamond,8388608,6,69.247847,16.000001
3,r1i.fan_in.diamond,8388608,7,69.257027,16.000001
3,r1i.fan_in.diamond,8388608,8,69.264644,16.000001
3,r1i.fan_in.diamond,8388608,9,69.559917,16.000001
3,r1i.failed_retry.depth_1,8388608,1,74.868439,8.000001
3,r1i.failed_retry.depth_1,8388608,2,74.847605,8.000001
3,r1i.failed_retry.depth_1,8388608,3,74.905302,8.000001
3,r1i.failed_retry.depth_1,8388608,4,74.846270,8.000001
3,r1i.failed_retry.depth_1,8388608,5,74.952624,8.000001
3,r1i.failed_retry.depth_1,8388608,6,74.906950,8.000001
3,r1i.failed_retry.depth_1,8388608,7,74.785731,8.000001
3,r1i.failed_retry.depth_1,8388608,8,74.540594,8.000001
3,r1i.failed_retry.depth_1,8388608,9,74.521068,8.000001
3,r1i.failed_retry.depth_10,4194304,1,226.424959,8.000002
3,r1i.failed_retry.depth_10,4194304,2,226.965653,8.000002
3,r1i.failed_retry.depth_10,4194304,3,223.625420,8.000002
3,r1i.failed_retry.depth_10,4194304,4,215.741352,8.000002
3,r1i.failed_retry.depth_10,4194304,5,215.830084,8.000002
3,r1i.failed_retry.depth_10,4194304,6,215.534953,8.000002
3,r1i.failed_retry.depth_10,4194304,7,216.285230,8.000002
3,r1i.failed_retry.depth_10,4194304,8,213.334317,8.000002
3,r1i.failed_retry.depth_10,4194304,9,213.399915,8.000002
3,r1i.failed_retry.depth_100,524288,1,1686.839823,8.000019
3,r1i.failed_retry.depth_100,524288,2,1682.472430,8.000019
3,r1i.failed_retry.depth_100,524288,3,1687.393251,8.000019
3,r1i.failed_retry.depth_100,524288,4,1684.814379,8.000019
3,r1i.failed_retry.depth_100,524288,5,1673.490260,8.000019
3,r1i.failed_retry.depth_100,524288,6,1675.683961,8.000019
3,r1i.failed_retry.depth_100,524288,7,1676.137799,8.000019
3,r1i.failed_retry.depth_100,524288,8,1675.661224,8.000019
3,r1i.failed_retry.depth_100,524288,9,1667.638571,8.000019
3,incremental.raw.changed.depth_1,16777216,1,33.800660,0.000001
3,incremental.raw.changed.depth_1,16777216,2,33.814672,0.000001
3,incremental.raw.changed.depth_1,16777216,3,33.794933,0.000001
3,incremental.raw.changed.depth_1,16777216,4,33.794038,0.000001
3,incremental.raw.changed.depth_1,16777216,5,33.806018,0.000001
3,incremental.raw.changed.depth_1,16777216,6,33.808178,0.000001
3,incremental.raw.changed.depth_1,16777216,7,33.791125,0.000001
3,incremental.raw.changed.depth_1,16777216,8,32.907238,0.000001
3,incremental.raw.changed.depth_1,16777216,9,31.464879,0.000001
3,r06.changed.depth_1,16777216,1,19.196577,4.000001
3,r06.changed.depth_1,16777216,2,19.202886,4.000001
3,r06.changed.depth_1,16777216,3,19.220593,4.000001
3,r06.changed.depth_1,16777216,4,19.203128,4.000001
3,r06.changed.depth_1,16777216,5,19.211654,4.000001
3,r06.changed.depth_1,16777216,6,19.199319,4.000001
3,r06.changed.depth_1,16777216,7,19.205274,4.000001
3,r06.changed.depth_1,16777216,8,19.207960,4.000001
3,r06.changed.depth_1,16777216,9,19.216301,4.000001
3,incremental.raw.changed.depth_10,8388608,1,109.156844,0.000001
3,incremental.raw.changed.depth_10,8388608,2,111.895446,0.000001
3,incremental.raw.changed.depth_10,8388608,3,111.968291,0.000001
3,incremental.raw.changed.depth_10,8388608,4,112.038009,0.000001
3,incremental.raw.changed.depth_10,8388608,5,111.920230,0.000001
3,incremental.raw.changed.depth_10,8388608,6,111.943478,0.000001
3,incremental.raw.changed.depth_10,8388608,7,111.951238,0.000001
3,incremental.raw.changed.depth_10,8388608,8,112.160564,0.000001
3,incremental.raw.changed.depth_10,8388608,9,112.008223,0.000001
3,r06.changed.depth_10,16777216,1,52.738798,4.000001
3,r06.changed.depth_10,16777216,2,52.348142,4.000001
3,r06.changed.depth_10,16777216,3,52.405895,4.000001
3,r06.changed.depth_10,16777216,4,52.363930,4.000001
3,r06.changed.depth_10,16777216,5,52.373110,4.000001
3,r06.changed.depth_10,16777216,6,52.382291,4.000001
3,r06.changed.depth_10,16777216,7,52.389922,4.000001
3,r06.changed.depth_10,16777216,8,52.409348,4.000001
3,r06.changed.depth_10,16777216,9,52.420674,4.000001
3,incremental.raw.changed.depth_100,524288,1,1005.252670,0.000019
3,incremental.raw.changed.depth_100,524288,2,994.849870,0.000019
3,incremental.raw.changed.depth_100,524288,3,995.115442,0.000019
3,incremental.raw.changed.depth_100,524288,4,993.064987,0.000019
3,incremental.raw.changed.depth_100,524288,5,1000.651991,0.000019
3,incremental.raw.changed.depth_100,524288,6,998.325504,0.000019
3,incremental.raw.changed.depth_100,524288,7,998.430096,0.000019
3,incremental.raw.changed.depth_100,524288,8,997.377356,0.000019
3,incremental.raw.changed.depth_100,524288,9,996.683411,0.000019
3,r06.changed.depth_100,1048576,1,524.074494,4.000010
3,r06.changed.depth_100,1048576,2,523.661583,4.000010
3,r06.changed.depth_100,1048576,3,523.732297,4.000010
3,r06.changed.depth_100,1048576,4,523.779818,4.000010
3,r06.changed.depth_100,1048576,5,523.992412,4.000010
3,r06.changed.depth_100,1048576,6,523.367135,4.000010
3,r06.changed.depth_100,1048576,7,523.665221,4.000010
3,r06.changed.depth_100,1048576,8,523.668405,4.000010
3,r06.changed.depth_100,1048576,9,523.612016,4.000010
3,incremental.raw.cutoff.depth_10,16777216,1,32.533407,0.000001
3,incremental.raw.cutoff.depth_10,16777216,2,32.522863,0.000001
3,incremental.raw.cutoff.depth_10,16777216,3,31.217340,0.000001
3,incremental.raw.cutoff.depth_10,16777216,4,29.837423,0.000001
3,incremental.raw.cutoff.depth_10,16777216,5,29.823354,0.000001
3,incremental.raw.cutoff.depth_10,16777216,6,29.823482,0.000001
3,incremental.raw.cutoff.depth_10,16777216,7,29.815027,0.000001
3,incremental.raw.cutoff.depth_10,16777216,8,29.852686,0.000001
3,incremental.raw.cutoff.depth_10,16777216,9,29.825870,0.000001
3,r06.cutoff.depth_10,16777216,1,19.210987,4.000001
3,r06.cutoff.depth_10,16777216,2,19.224117,4.000001
3,r06.cutoff.depth_10,16777216,3,19.212067,4.000001
3,r06.cutoff.depth_10,16777216,4,19.207960,4.000001
3,r06.cutoff.depth_10,16777216,5,19.213317,4.000001
3,r06.cutoff.depth_10,16777216,6,19.005839,4.000001
3,r06.cutoff.depth_10,16777216,7,18.768120,4.000001
3,r06.cutoff.depth_10,16777216,8,18.798360,4.000001
3,r06.cutoff.depth_10,16777216,9,18.808535,4.000001
